[
    {
        "pk": 22, 
        "model": "auth.permission", 
        "fields": {
            "codename": "add_logentry", 
            "name": "Can add log entry", 
            "content_type": 8
        }
    }, 
    {
        "pk": 23, 
        "model": "auth.permission", 
        "fields": {
            "codename": "change_logentry", 
            "name": "Can change log entry", 
            "content_type": 8
        }
    }, 
    {
        "pk": 24, 
        "model": "auth.permission", 
        "fields": {
            "codename": "delete_logentry", 
            "name": "Can delete log entry", 
            "content_type": 8
        }
    }, 
    {
        "pk": 4, 
        "model": "auth.permission", 
        "fields": {
            "codename": "add_group", 
            "name": "Can add group", 
            "content_type": 2
        }
    }, 
    {
        "pk": 10, 
        "model": "auth.permission", 
        "fields": {
            "codename": "add_message", 
            "name": "Can add message", 
            "content_type": 4
        }
    }, 
    {
        "pk": 1, 
        "model": "auth.permission", 
        "fields": {
            "codename": "add_permission", 
            "name": "Can add permission", 
            "content_type": 1
        }
    }, 
    {
        "pk": 7, 
        "model": "auth.permission", 
        "fields": {
            "codename": "add_user", 
            "name": "Can add user", 
            "content_type": 3
        }
    }, 
    {
        "pk": 5, 
        "model": "auth.permission", 
        "fields": {
            "codename": "change_group", 
            "name": "Can change group", 
            "content_type": 2
        }
    }, 
    {
        "pk": 11, 
        "model": "auth.permission", 
        "fields": {
            "codename": "change_message", 
            "name": "Can change message", 
            "content_type": 4
        }
    }, 
    {
        "pk": 2, 
        "model": "auth.permission", 
        "fields": {
            "codename": "change_permission", 
            "name": "Can change permission", 
            "content_type": 1
        }
    }, 
    {
        "pk": 8, 
        "model": "auth.permission", 
        "fields": {
            "codename": "change_user", 
            "name": "Can change user", 
            "content_type": 3
        }
    }, 
    {
        "pk": 6, 
        "model": "auth.permission", 
        "fields": {
            "codename": "delete_group", 
            "name": "Can delete group", 
            "content_type": 2
        }
    }, 
    {
        "pk": 12, 
        "model": "auth.permission", 
        "fields": {
            "codename": "delete_message", 
            "name": "Can delete message", 
            "content_type": 4
        }
    }, 
    {
        "pk": 3, 
        "model": "auth.permission", 
        "fields": {
            "codename": "delete_permission", 
            "name": "Can delete permission", 
            "content_type": 1
        }
    }, 
    {
        "pk": 9, 
        "model": "auth.permission", 
        "fields": {
            "codename": "delete_user", 
            "name": "Can delete user", 
            "content_type": 3
        }
    }, 
    {
        "pk": 13, 
        "model": "auth.permission", 
        "fields": {
            "codename": "add_contenttype", 
            "name": "Can add content type", 
            "content_type": 5
        }
    }, 
    {
        "pk": 14, 
        "model": "auth.permission", 
        "fields": {
            "codename": "change_contenttype", 
            "name": "Can change content type", 
            "content_type": 5
        }
    }, 
    {
        "pk": 15, 
        "model": "auth.permission", 
        "fields": {
            "codename": "delete_contenttype", 
            "name": "Can delete content type", 
            "content_type": 5
        }
    }, 
    {
        "pk": 46, 
        "model": "auth.permission", 
        "fields": {
            "codename": "add_answer", 
            "name": "Can add answer", 
            "content_type": 15
        }
    }, 
    {
        "pk": 37, 
        "model": "auth.permission", 
        "fields": {
            "codename": "add_question", 
            "name": "Can add question", 
            "content_type": 13
        }
    }, 
    {
        "pk": 43, 
        "model": "auth.permission", 
        "fields": {
            "codename": "add_relation", 
            "name": "Can add relation", 
            "content_type": 16
        }
    }, 
    {
        "pk": 25, 
        "model": "auth.permission", 
        "fields": {
            "codename": "add_step", 
            "name": "Can add step", 
            "content_type": 9
        }
    }, 
    {
        "pk": 31, 
        "model": "auth.permission", 
        "fields": {
            "codename": "add_substep", 
            "name": "Can add sub step", 
            "content_type": 11
        }
    }, 
    {
        "pk": 28, 
        "model": "auth.permission", 
        "fields": {
            "codename": "add_substepcategory", 
            "name": "Can add sub step category", 
            "content_type": 10
        }
    }, 
    {
        "pk": 34, 
        "model": "auth.permission", 
        "fields": {
            "codename": "add_worksheet", 
            "name": "Can add worksheet", 
            "content_type": 12
        }
    }, 
    {
        "pk": 47, 
        "model": "auth.permission", 
        "fields": {
            "codename": "change_answer", 
            "name": "Can change answer", 
            "content_type": 15
        }
    }, 
    {
        "pk": 38, 
        "model": "auth.permission", 
        "fields": {
            "codename": "change_question", 
            "name": "Can change question", 
            "content_type": 13
        }
    }, 
    {
        "pk": 44, 
        "model": "auth.permission", 
        "fields": {
            "codename": "change_relation", 
            "name": "Can change relation", 
            "content_type": 16
        }
    }, 
    {
        "pk": 26, 
        "model": "auth.permission", 
        "fields": {
            "codename": "change_step", 
            "name": "Can change step", 
            "content_type": 9
        }
    }, 
    {
        "pk": 32, 
        "model": "auth.permission", 
        "fields": {
            "codename": "change_substep", 
            "name": "Can change sub step", 
            "content_type": 11
        }
    }, 
    {
        "pk": 29, 
        "model": "auth.permission", 
        "fields": {
            "codename": "change_substepcategory", 
            "name": "Can change sub step category", 
            "content_type": 10
        }
    }, 
    {
        "pk": 35, 
        "model": "auth.permission", 
        "fields": {
            "codename": "change_worksheet", 
            "name": "Can change worksheet", 
            "content_type": 12
        }
    }, 
    {
        "pk": 48, 
        "model": "auth.permission", 
        "fields": {
            "codename": "delete_answer", 
            "name": "Can delete answer", 
            "content_type": 15
        }
    }, 
    {
        "pk": 39, 
        "model": "auth.permission", 
        "fields": {
            "codename": "delete_question", 
            "name": "Can delete question", 
            "content_type": 13
        }
    }, 
    {
        "pk": 45, 
        "model": "auth.permission", 
        "fields": {
            "codename": "delete_relation", 
            "name": "Can delete relation", 
            "content_type": 16
        }
    }, 
    {
        "pk": 27, 
        "model": "auth.permission", 
        "fields": {
            "codename": "delete_step", 
            "name": "Can delete step", 
            "content_type": 9
        }
    }, 
    {
        "pk": 33, 
        "model": "auth.permission", 
        "fields": {
            "codename": "delete_substep", 
            "name": "Can delete sub step", 
            "content_type": 11
        }
    }, 
    {
        "pk": 30, 
        "model": "auth.permission", 
        "fields": {
            "codename": "delete_substepcategory", 
            "name": "Can delete sub step category", 
            "content_type": 10
        }
    }, 
    {
        "pk": 36, 
        "model": "auth.permission", 
        "fields": {
            "codename": "delete_worksheet", 
            "name": "Can delete worksheet", 
            "content_type": 12
        }
    }, 
    {
        "pk": 16, 
        "model": "auth.permission", 
        "fields": {
            "codename": "add_session", 
            "name": "Can add session", 
            "content_type": 6
        }
    }, 
    {
        "pk": 17, 
        "model": "auth.permission", 
        "fields": {
            "codename": "change_session", 
            "name": "Can change session", 
            "content_type": 6
        }
    }, 
    {
        "pk": 18, 
        "model": "auth.permission", 
        "fields": {
            "codename": "delete_session", 
            "name": "Can delete session", 
            "content_type": 6
        }
    }, 
    {
        "pk": 19, 
        "model": "auth.permission", 
        "fields": {
            "codename": "add_site", 
            "name": "Can add site", 
            "content_type": 7
        }
    }, 
    {
        "pk": 20, 
        "model": "auth.permission", 
        "fields": {
            "codename": "change_site", 
            "name": "Can change site", 
            "content_type": 7
        }
    }, 
    {
        "pk": 21, 
        "model": "auth.permission", 
        "fields": {
            "codename": "delete_site", 
            "name": "Can delete site", 
            "content_type": 7
        }
    }, 
    {
        "pk": 13, 
        "model": "auth.user", 
        "fields": {
            "username": "admin", 
            "first_name": "", 
            "last_name": "", 
            "is_active": true, 
            "is_superuser": true, 
            "is_staff": true, 
            "last_login": "2010-03-18 02:04:28", 
            "groups": [], 
            "user_permissions": [], 
            "password": "sha1$8350b$ebf7f7aea7435d415841d6c1db77d47da09ee8c2", 
            "email": "rob@robfitz.org", 
            "date_joined": "2010-03-17 19:00:45"
        }
    }, 
    {
        "pk": 14, 
        "model": "auth.user", 
        "fields": {
            "username": "robfitz", 
            "first_name": "", 
            "last_name": "", 
            "is_active": true, 
            "is_superuser": true, 
            "is_staff": true, 
            "last_login": "2010-04-01 17:32:15", 
            "groups": [], 
            "user_permissions": [], 
            "password": "sha1$142f7$419c5a9722e76308a6b13e69989a4d353392a60e", 
            "email": "example@example.com", 
            "date_joined": "2010-03-18 02:03:01"
        }
    }, 
    {
        "pk": 15, 
        "model": "auth.user", 
        "fields": {
            "username": "rob1", 
            "first_name": "", 
            "last_name": "", 
            "is_active": true, 
            "is_superuser": false, 
            "is_staff": false, 
            "last_login": "2010-03-31 22:11:54", 
            "groups": [], 
            "user_permissions": [], 
            "password": "sha1$79bd2$516ea3dd2a1c21012ddcce05bb640536b56dc732", 
            "email": "example@example.com", 
            "date_joined": "2010-03-31 22:11:54"
        }
    }, 
    {
        "pk": 16, 
        "model": "auth.user", 
        "fields": {
            "username": "rob2", 
            "first_name": "", 
            "last_name": "", 
            "is_active": true, 
            "is_superuser": false, 
            "is_staff": false, 
            "last_login": "2010-03-31 22:12:57", 
            "groups": [], 
            "user_permissions": [], 
            "password": "sha1$cc590$185331621c1e9b86fab02879529fe0ed57dc938c", 
            "email": "example@example.com", 
            "date_joined": "2010-03-31 22:12:56"
        }
    }, 
    {
        "pk": 15, 
        "model": "contenttypes.contenttype", 
        "fields": {
            "model": "answer", 
            "name": "answer", 
            "app_label": "mycd"
        }
    }, 
    {
        "pk": 5, 
        "model": "contenttypes.contenttype", 
        "fields": {
            "model": "contenttype", 
            "name": "content type", 
            "app_label": "contenttypes"
        }
    }, 
    {
        "pk": 2, 
        "model": "contenttypes.contenttype", 
        "fields": {
            "model": "group", 
            "name": "group", 
            "app_label": "auth"
        }
    }, 
    {
        "pk": 8, 
        "model": "contenttypes.contenttype", 
        "fields": {
            "model": "logentry", 
            "name": "log entry", 
            "app_label": "admin"
        }
    }, 
    {
        "pk": 4, 
        "model": "contenttypes.contenttype", 
        "fields": {
            "model": "message", 
            "name": "message", 
            "app_label": "auth"
        }
    }, 
    {
        "pk": 1, 
        "model": "contenttypes.contenttype", 
        "fields": {
            "model": "permission", 
            "name": "permission", 
            "app_label": "auth"
        }
    }, 
    {
        "pk": 13, 
        "model": "contenttypes.contenttype", 
        "fields": {
            "model": "question", 
            "name": "question", 
            "app_label": "mycd"
        }
    }, 
    {
        "pk": 16, 
        "model": "contenttypes.contenttype", 
        "fields": {
            "model": "relation", 
            "name": "relation", 
            "app_label": "mycd"
        }
    }, 
    {
        "pk": 6, 
        "model": "contenttypes.contenttype", 
        "fields": {
            "model": "session", 
            "name": "session", 
            "app_label": "sessions"
        }
    }, 
    {
        "pk": 7, 
        "model": "contenttypes.contenttype", 
        "fields": {
            "model": "site", 
            "name": "site", 
            "app_label": "sites"
        }
    }, 
    {
        "pk": 9, 
        "model": "contenttypes.contenttype", 
        "fields": {
            "model": "step", 
            "name": "step", 
            "app_label": "mycd"
        }
    }, 
    {
        "pk": 11, 
        "model": "contenttypes.contenttype", 
        "fields": {
            "model": "substep", 
            "name": "sub step", 
            "app_label": "mycd"
        }
    }, 
    {
        "pk": 10, 
        "model": "contenttypes.contenttype", 
        "fields": {
            "model": "substepcategory", 
            "name": "sub step category", 
            "app_label": "mycd"
        }
    }, 
    {
        "pk": 3, 
        "model": "contenttypes.contenttype", 
        "fields": {
            "model": "user", 
            "name": "user", 
            "app_label": "auth"
        }
    }, 
    {
        "pk": 12, 
        "model": "contenttypes.contenttype", 
        "fields": {
            "model": "worksheet", 
            "name": "worksheet", 
            "app_label": "mycd"
        }
    }, 
    {
        "pk": "b6bb2c8d79687f3f76b18b2302c94c5b", 
        "model": "sessions.session", 
        "fields": {
            "expire_date": "2010-03-20 18:20:46", 
            "session_data": "gAJ9cQEoVRJfYXV0aF91c2VyX2JhY2tlbmRxAlUpZGphbmdvLmNvbnRyaWIuYXV0aC5iYWNrZW5k\ncy5Nb2RlbEJhY2tlbmRxA1UNX2F1dGhfdXNlcl9pZHEESwF1LmMzYTMwODkyM2EwOWFjYWJmNjg1\nZjI2ZDYwN2MxYjY1\n"
        }
    }, 
    {
        "pk": "e885920a6ffb910a8b66c543a25c55cd", 
        "model": "sessions.session", 
        "fields": {
            "expire_date": "2010-03-30 12:18:12", 
            "session_data": "gAJ9cQEoVRJfYXV0aF91c2VyX2JhY2tlbmRxAlUpZGphbmdvLmNvbnRyaWIuYXV0aC5iYWNrZW5k\ncy5Nb2RlbEJhY2tlbmRxA1UNX2F1dGhfdXNlcl9pZHEESwl1LjA2NTYwNmY1MDU2YjI3NTU2YTZl\nMmI0YjI4ZmYyZGEy\n"
        }
    }, 
    {
        "pk": "a6f223e4a07e4b90a02c1ccf25d61f49", 
        "model": "sessions.session", 
        "fields": {
            "expire_date": "2010-04-15 17:32:15", 
            "session_data": "gAJ9cQEoVRJfYXV0aF91c2VyX2JhY2tlbmRxAlUpZGphbmdvLmNvbnRyaWIuYXV0aC5iYWNrZW5k\ncy5Nb2RlbEJhY2tlbmRxA1UNX2F1dGhfdXNlcl9pZHEESw51LjRhMmY1ZDhlNDAxZTJlODZmYTdj\nYzE2ZGY1Nzg1YTFk\n"
        }
    }, 
    {
        "pk": 1, 
        "model": "sites.site", 
        "fields": {
            "domain": "example.com", 
            "name": "example.com"
        }
    }, 
    {
        "pk": 252, 
        "model": "admin.logentry", 
        "fields": {
            "action_flag": 3, 
            "action_time": "2010-03-30 01:00:55", 
            "object_repr": "Relation object", 
            "object_id": "1", 
            "change_message": "", 
            "user": 14, 
            "content_type": 16
        }
    }, 
    {
        "pk": 251, 
        "model": "admin.logentry", 
        "fields": {
            "action_flag": 3, 
            "action_time": "2010-03-30 01:00:55", 
            "object_repr": "Relation object", 
            "object_id": "2", 
            "change_message": "", 
            "user": 14, 
            "content_type": 16
        }
    }, 
    {
        "pk": 250, 
        "model": "admin.logentry", 
        "fields": {
            "action_flag": 3, 
            "action_time": "2010-03-30 01:00:54", 
            "object_repr": "Relation object", 
            "object_id": "3", 
            "change_message": "", 
            "user": 14, 
            "content_type": 16
        }
    }, 
    {
        "pk": 249, 
        "model": "admin.logentry", 
        "fields": {
            "action_flag": 3, 
            "action_time": "2010-03-30 01:00:54", 
            "object_repr": "Relation object", 
            "object_id": "4", 
            "change_message": "", 
            "user": 14, 
            "content_type": 16
        }
    }, 
    {
        "pk": 248, 
        "model": "admin.logentry", 
        "fields": {
            "action_flag": 3, 
            "action_time": "2010-03-30 01:00:54", 
            "object_repr": "Relation object", 
            "object_id": "5", 
            "change_message": "", 
            "user": 14, 
            "content_type": 16
        }
    }, 
    {
        "pk": 247, 
        "model": "admin.logentry", 
        "fields": {
            "action_flag": 3, 
            "action_time": "2010-03-30 01:00:54", 
            "object_repr": "Relation object", 
            "object_id": "6", 
            "change_message": "", 
            "user": 14, 
            "content_type": 16
        }
    }, 
    {
        "pk": 246, 
        "model": "admin.logentry", 
        "fields": {
            "action_flag": 3, 
            "action_time": "2010-03-30 01:00:54", 
            "object_repr": "Relation object", 
            "object_id": "7", 
            "change_message": "", 
            "user": 14, 
            "content_type": 16
        }
    }, 
    {
        "pk": 245, 
        "model": "admin.logentry", 
        "fields": {
            "action_flag": 3, 
            "action_time": "2010-03-30 01:00:54", 
            "object_repr": "Relation object", 
            "object_id": "8", 
            "change_message": "", 
            "user": 14, 
            "content_type": 16
        }
    }, 
    {
        "pk": 244, 
        "model": "admin.logentry", 
        "fields": {
            "action_flag": 1, 
            "action_time": "2010-03-21 22:07:25", 
            "object_repr": "Demand creation", 
            "object_id": "13", 
            "change_message": "", 
            "user": 14, 
            "content_type": 12
        }
    }, 
    {
        "pk": 243, 
        "model": "admin.logentry", 
        "fields": {
            "action_flag": 2, 
            "action_time": "2010-03-21 19:24:48", 
            "object_repr": "Market pricing", 
            "object_id": "11", 
            "change_message": "Added question \"Would it be easier to sell if it were packaged differently? Sold in separate modules that each cost less? Combined with other products? Built into a full solution?\".", 
            "user": 14, 
            "content_type": 12
        }
    }, 
    {
        "pk": 242, 
        "model": "admin.logentry", 
        "fields": {
            "action_flag": 1, 
            "action_time": "2010-03-21 19:23:52", 
            "object_repr": "Our pricing", 
            "object_id": "12", 
            "change_message": "", 
            "user": 14, 
            "content_type": 12
        }
    }, 
    {
        "pk": 241, 
        "model": "admin.logentry", 
        "fields": {
            "action_flag": 2, 
            "action_time": "2010-03-21 19:21:29", 
            "object_repr": "Market pricing", 
            "object_id": "11", 
            "change_message": "Deleted question \" \".", 
            "user": 14, 
            "content_type": 12
        }
    }, 
    {
        "pk": 240, 
        "model": "admin.logentry", 
        "fields": {
            "action_flag": 1, 
            "action_time": "2010-03-21 19:21:16", 
            "object_repr": "Market pricing", 
            "object_id": "11", 
            "change_message": "", 
            "user": 14, 
            "content_type": 12
        }
    }, 
    {
        "pk": 239, 
        "model": "admin.logentry", 
        "fields": {
            "action_flag": 1, 
            "action_time": "2010-03-21 19:15:59", 
            "object_repr": "Sales channel", 
            "object_id": "10", 
            "change_message": "", 
            "user": 14, 
            "content_type": 12
        }
    }, 
    {
        "pk": 235, 
        "model": "admin.logentry", 
        "fields": {
            "action_flag": 3, 
            "action_time": "2010-03-21 15:04:04", 
            "object_repr": "rollin';;;", 
            "object_id": "30", 
            "change_message": "", 
            "user": 14, 
            "content_type": 15
        }
    }, 
    {
        "pk": 236, 
        "model": "admin.logentry", 
        "fields": {
            "action_flag": 3, 
            "action_time": "2010-03-21 15:04:04", 
            "object_repr": "wheels;pegs;;", 
            "object_id": "29", 
            "change_message": "", 
            "user": 14, 
            "content_type": 15
        }
    }, 
    {
        "pk": 237, 
        "model": "admin.logentry", 
        "fields": {
            "action_flag": 3, 
            "action_time": "2010-03-21 15:04:04", 
            "object_repr": "rollin';;;", 
            "object_id": "28", 
            "change_message": "", 
            "user": 14, 
            "content_type": 15
        }
    }, 
    {
        "pk": 238, 
        "model": "admin.logentry", 
        "fields": {
            "action_flag": 3, 
            "action_time": "2010-03-21 15:04:04", 
            "object_repr": "wheels;;;", 
            "object_id": "27", 
            "change_message": "", 
            "user": 14, 
            "content_type": 15
        }
    }, 
    {
        "pk": 233, 
        "model": "admin.logentry", 
        "fields": {
            "action_flag": 3, 
            "action_time": "2010-03-21 15:00:25", 
            "object_repr": "rollin';steerin';freeloadin';", 
            "object_id": "28", 
            "change_message": "", 
            "user": 14, 
            "content_type": 15
        }
    }, 
    {
        "pk": 234, 
        "model": "admin.logentry", 
        "fields": {
            "action_flag": 3, 
            "action_time": "2010-03-21 15:00:25", 
            "object_repr": "wheels;bars;pegs;", 
            "object_id": "27", 
            "change_message": "", 
            "user": 14, 
            "content_type": 15
        }
    }, 
    {
        "pk": 229, 
        "model": "admin.logentry", 
        "fields": {
            "action_flag": 3, 
            "action_time": "2010-03-21 14:58:03", 
            "object_repr": "", 
            "object_id": "30", 
            "change_message": "", 
            "user": 14, 
            "content_type": 15
        }
    }, 
    {
        "pk": 230, 
        "model": "admin.logentry", 
        "fields": {
            "action_flag": 3, 
            "action_time": "2010-03-21 14:58:03", 
            "object_repr": "", 
            "object_id": "29", 
            "change_message": "", 
            "user": 14, 
            "content_type": 15
        }
    }, 
    {
        "pk": 231, 
        "model": "admin.logentry", 
        "fields": {
            "action_flag": 3, 
            "action_time": "2010-03-21 14:58:03", 
            "object_repr": "", 
            "object_id": "28", 
            "change_message": "", 
            "user": 14, 
            "content_type": 15
        }
    }, 
    {
        "pk": 232, 
        "model": "admin.logentry", 
        "fields": {
            "action_flag": 3, 
            "action_time": "2010-03-21 14:58:03", 
            "object_repr": "", 
            "object_id": "27", 
            "change_message": "", 
            "user": 14, 
            "content_type": 15
        }
    }, 
    {
        "pk": 222, 
        "model": "admin.logentry", 
        "fields": {
            "action_flag": 3, 
            "action_time": "2010-03-21 14:58:02", 
            "object_repr": "", 
            "object_id": "37", 
            "change_message": "", 
            "user": 14, 
            "content_type": 15
        }
    }, 
    {
        "pk": 223, 
        "model": "admin.logentry", 
        "fields": {
            "action_flag": 3, 
            "action_time": "2010-03-21 14:58:02", 
            "object_repr": "", 
            "object_id": "36", 
            "change_message": "", 
            "user": 14, 
            "content_type": 15
        }
    }, 
    {
        "pk": 224, 
        "model": "admin.logentry", 
        "fields": {
            "action_flag": 3, 
            "action_time": "2010-03-21 14:58:02", 
            "object_repr": "", 
            "object_id": "35", 
            "change_message": "", 
            "user": 14, 
            "content_type": 15
        }
    }, 
    {
        "pk": 225, 
        "model": "admin.logentry", 
        "fields": {
            "action_flag": 3, 
            "action_time": "2010-03-21 14:58:02", 
            "object_repr": "", 
            "object_id": "34", 
            "change_message": "", 
            "user": 14, 
            "content_type": 15
        }
    }, 
    {
        "pk": 226, 
        "model": "admin.logentry", 
        "fields": {
            "action_flag": 3, 
            "action_time": "2010-03-21 14:58:02", 
            "object_repr": "", 
            "object_id": "33", 
            "change_message": "", 
            "user": 14, 
            "content_type": 15
        }
    }, 
    {
        "pk": 227, 
        "model": "admin.logentry", 
        "fields": {
            "action_flag": 3, 
            "action_time": "2010-03-21 14:58:02", 
            "object_repr": "", 
            "object_id": "32", 
            "change_message": "", 
            "user": 14, 
            "content_type": 15
        }
    }, 
    {
        "pk": 228, 
        "model": "admin.logentry", 
        "fields": {
            "action_flag": 3, 
            "action_time": "2010-03-21 14:58:02", 
            "object_repr": "", 
            "object_id": "31", 
            "change_message": "", 
            "user": 14, 
            "content_type": 15
        }
    }, 
    {
        "pk": 217, 
        "model": "admin.logentry", 
        "fields": {
            "action_flag": 3, 
            "action_time": "2010-03-21 14:58:01", 
            "object_repr": "", 
            "object_id": "42", 
            "change_message": "", 
            "user": 14, 
            "content_type": 15
        }
    }, 
    {
        "pk": 218, 
        "model": "admin.logentry", 
        "fields": {
            "action_flag": 3, 
            "action_time": "2010-03-21 14:58:01", 
            "object_repr": "", 
            "object_id": "41", 
            "change_message": "", 
            "user": 14, 
            "content_type": 15
        }
    }, 
    {
        "pk": 219, 
        "model": "admin.logentry", 
        "fields": {
            "action_flag": 3, 
            "action_time": "2010-03-21 14:58:01", 
            "object_repr": "", 
            "object_id": "40", 
            "change_message": "", 
            "user": 14, 
            "content_type": 15
        }
    }, 
    {
        "pk": 220, 
        "model": "admin.logentry", 
        "fields": {
            "action_flag": 3, 
            "action_time": "2010-03-21 14:58:01", 
            "object_repr": "", 
            "object_id": "39", 
            "change_message": "", 
            "user": 14, 
            "content_type": 15
        }
    }, 
    {
        "pk": 221, 
        "model": "admin.logentry", 
        "fields": {
            "action_flag": 3, 
            "action_time": "2010-03-21 14:58:01", 
            "object_repr": "", 
            "object_id": "38", 
            "change_message": "", 
            "user": 14, 
            "content_type": 15
        }
    }, 
    {
        "pk": 210, 
        "model": "admin.logentry", 
        "fields": {
            "action_flag": 3, 
            "action_time": "2010-03-21 14:58:00", 
            "object_repr": "bo;boooooooo;;", 
            "object_id": "49", 
            "change_message": "", 
            "user": 14, 
            "content_type": 15
        }
    }, 
    {
        "pk": 211, 
        "model": "admin.logentry", 
        "fields": {
            "action_flag": 3, 
            "action_time": "2010-03-21 14:58:00", 
            "object_repr": "", 
            "object_id": "48", 
            "change_message": "", 
            "user": 14, 
            "content_type": 15
        }
    }, 
    {
        "pk": 212, 
        "model": "admin.logentry", 
        "fields": {
            "action_flag": 3, 
            "action_time": "2010-03-21 14:58:00", 
            "object_repr": "", 
            "object_id": "47", 
            "change_message": "", 
            "user": 14, 
            "content_type": 15
        }
    }, 
    {
        "pk": 213, 
        "model": "admin.logentry", 
        "fields": {
            "action_flag": 3, 
            "action_time": "2010-03-21 14:58:00", 
            "object_repr": "", 
            "object_id": "46", 
            "change_message": "", 
            "user": 14, 
            "content_type": 15
        }
    }, 
    {
        "pk": 214, 
        "model": "admin.logentry", 
        "fields": {
            "action_flag": 3, 
            "action_time": "2010-03-21 14:58:00", 
            "object_repr": "", 
            "object_id": "45", 
            "change_message": "", 
            "user": 14, 
            "content_type": 15
        }
    }, 
    {
        "pk": 215, 
        "model": "admin.logentry", 
        "fields": {
            "action_flag": 3, 
            "action_time": "2010-03-21 14:58:00", 
            "object_repr": "", 
            "object_id": "44", 
            "change_message": "", 
            "user": 14, 
            "content_type": 15
        }
    }, 
    {
        "pk": 216, 
        "model": "admin.logentry", 
        "fields": {
            "action_flag": 3, 
            "action_time": "2010-03-21 14:58:00", 
            "object_repr": "", 
            "object_id": "43", 
            "change_message": "", 
            "user": 14, 
            "content_type": 15
        }
    }, 
    {
        "pk": 205, 
        "model": "admin.logentry", 
        "fields": {
            "action_flag": 3, 
            "action_time": "2010-03-21 14:57:59", 
            "object_repr": "hooopper;hoooooooo;jfjfj;ldkdk;", 
            "object_id": "54", 
            "change_message": "", 
            "user": 14, 
            "content_type": 15
        }
    }, 
    {
        "pk": 206, 
        "model": "admin.logentry", 
        "fields": {
            "action_flag": 3, 
            "action_time": "2010-03-21 14:57:59", 
            "object_repr": "bopper;boooooooo;rooo;;a;a;l;", 
            "object_id": "53", 
            "change_message": "", 
            "user": 14, 
            "content_type": 15
        }
    }, 
    {
        "pk": 207, 
        "model": "admin.logentry", 
        "fields": {
            "action_flag": 3, 
            "action_time": "2010-03-21 14:57:59", 
            "object_repr": "hooopper;hoooooooo;;", 
            "object_id": "52", 
            "change_message": "", 
            "user": 14, 
            "content_type": 15
        }
    }, 
    {
        "pk": 208, 
        "model": "admin.logentry", 
        "fields": {
            "action_flag": 3, 
            "action_time": "2010-03-21 14:57:59", 
            "object_repr": "bopper;boooooooo;;", 
            "object_id": "51", 
            "change_message": "", 
            "user": 14, 
            "content_type": 15
        }
    }, 
    {
        "pk": 209, 
        "model": "admin.logentry", 
        "fields": {
            "action_flag": 3, 
            "action_time": "2010-03-21 14:57:59", 
            "object_repr": "hooo;hoooooooo;;", 
            "object_id": "50", 
            "change_message": "", 
            "user": 14, 
            "content_type": 15
        }
    }, 
    {
        "pk": 198, 
        "model": "admin.logentry", 
        "fields": {
            "action_flag": 3, 
            "action_time": "2010-03-21 14:57:58", 
            "object_repr": "bopper;boooooooo;rooo;bananfish;traitor\";one;three;", 
            "object_id": "61", 
            "change_message": "", 
            "user": 14, 
            "content_type": 15
        }
    }, 
    {
        "pk": 199, 
        "model": "admin.logentry", 
        "fields": {
            "action_flag": 3, 
            "action_time": "2010-03-21 14:57:58", 
            "object_repr": "hooopper;hoooooooo;jfjfj;ldkdk;sosrsly;;", 
            "object_id": "60", 
            "change_message": "", 
            "user": 14, 
            "content_type": 15
        }
    }, 
    {
        "pk": 200, 
        "model": "admin.logentry", 
        "fields": {
            "action_flag": 3, 
            "action_time": "2010-03-21 14:57:58", 
            "object_repr": "bopper;boooooooo;rooo;bananfish;traitor\";;", 
            "object_id": "59", 
            "change_message": "", 
            "user": 14, 
            "content_type": 15
        }
    }, 
    {
        "pk": 201, 
        "model": "admin.logentry", 
        "fields": {
            "action_flag": 3, 
            "action_time": "2010-03-21 14:57:58", 
            "object_repr": "hooopper;hoooooooo;jfjfj;ldkdk;;", 
            "object_id": "58", 
            "change_message": "", 
            "user": 14, 
            "content_type": 15
        }
    }, 
    {
        "pk": 202, 
        "model": "admin.logentry", 
        "fields": {
            "action_flag": 3, 
            "action_time": "2010-03-21 14:57:58", 
            "object_repr": "bopper;boooooooo;rooo;bananfish;;", 
            "object_id": "57", 
            "change_message": "", 
            "user": 14, 
            "content_type": 15
        }
    }, 
    {
        "pk": 203, 
        "model": "admin.logentry", 
        "fields": {
            "action_flag": 3, 
            "action_time": "2010-03-21 14:57:58", 
            "object_repr": "hooopper;hoooooooo;jfjfj;ldkdk;", 
            "object_id": "56", 
            "change_message": "", 
            "user": 14, 
            "content_type": 15
        }
    }, 
    {
        "pk": 204, 
        "model": "admin.logentry", 
        "fields": {
            "action_flag": 3, 
            "action_time": "2010-03-21 14:57:58", 
            "object_repr": "bopper;boooooooo;rooo;;", 
            "object_id": "55", 
            "change_message": "", 
            "user": 14, 
            "content_type": 15
        }
    }, 
    {
        "pk": 192, 
        "model": "admin.logentry", 
        "fields": {
            "action_flag": 3, 
            "action_time": "2010-03-21 14:57:57", 
            "object_repr": "bopper;boooooooo;rooo;bananfish;traitor\";one;three;uh;", 
            "object_id": "67", 
            "change_message": "", 
            "user": 14, 
            "content_type": 15
        }
    }, 
    {
        "pk": 193, 
        "model": "admin.logentry", 
        "fields": {
            "action_flag": 3, 
            "action_time": "2010-03-21 14:57:57", 
            "object_repr": "hooopper;hoooooooo;jfjfj;ldkdk;sosrsly;two;four;;", 
            "object_id": "66", 
            "change_message": "", 
            "user": 14, 
            "content_type": 15
        }
    }, 
    {
        "pk": 194, 
        "model": "admin.logentry", 
        "fields": {
            "action_flag": 3, 
            "action_time": "2010-03-21 14:57:57", 
            "object_repr": "bopper;boooooooo;rooo;bananfish;traitor\";one;three;;", 
            "object_id": "65", 
            "change_message": "", 
            "user": 14, 
            "content_type": 15
        }
    }, 
    {
        "pk": 195, 
        "model": "admin.logentry", 
        "fields": {
            "action_flag": 3, 
            "action_time": "2010-03-21 14:57:57", 
            "object_repr": "hooopper;hoooooooo;jfjfj;ldkdk;sosrsly;two;four;;", 
            "object_id": "64", 
            "change_message": "", 
            "user": 14, 
            "content_type": 15
        }
    }, 
    {
        "pk": 196, 
        "model": "admin.logentry", 
        "fields": {
            "action_flag": 3, 
            "action_time": "2010-03-21 14:57:57", 
            "object_repr": "bopper;boooooooo;rooo;bananfish;traitor\";one;three;;", 
            "object_id": "63", 
            "change_message": "", 
            "user": 14, 
            "content_type": 15
        }
    }, 
    {
        "pk": 197, 
        "model": "admin.logentry", 
        "fields": {
            "action_flag": 3, 
            "action_time": "2010-03-21 14:57:57", 
            "object_repr": "hooopper;hoooooooo;jfjfj;ldkdk;sosrsly;two;four;", 
            "object_id": "62", 
            "change_message": "", 
            "user": 14, 
            "content_type": 15
        }
    }, 
    {
        "pk": 187, 
        "model": "admin.logentry", 
        "fields": {
            "action_flag": 3, 
            "action_time": "2010-03-21 14:57:56", 
            "object_repr": "hooopper;hoooooooo;jfjfj;ldkdk;sosrsly;two;four;oh;", 
            "object_id": "72", 
            "change_message": "", 
            "user": 14, 
            "content_type": 15
        }
    }, 
    {
        "pk": 188, 
        "model": "admin.logentry", 
        "fields": {
            "action_flag": 3, 
            "action_time": "2010-03-21 14:57:56", 
            "object_repr": "bopper;boooooooo;rooo;bananfish;traitor\";one;three;uh;", 
            "object_id": "71", 
            "change_message": "", 
            "user": 14, 
            "content_type": 15
        }
    }, 
    {
        "pk": 189, 
        "model": "admin.logentry", 
        "fields": {
            "action_flag": 3, 
            "action_time": "2010-03-21 14:57:56", 
            "object_repr": "hooopper;hoooooooo;jfjfj;ldkdk;sosrsly;two;four;oh;", 
            "object_id": "70", 
            "change_message": "", 
            "user": 14, 
            "content_type": 15
        }
    }, 
    {
        "pk": 190, 
        "model": "admin.logentry", 
        "fields": {
            "action_flag": 3, 
            "action_time": "2010-03-21 14:57:56", 
            "object_repr": "bopper;boooooooo;rooo;bananfish;traitor\";one;three;uh;", 
            "object_id": "69", 
            "change_message": "", 
            "user": 14, 
            "content_type": 15
        }
    }, 
    {
        "pk": 191, 
        "model": "admin.logentry", 
        "fields": {
            "action_flag": 3, 
            "action_time": "2010-03-21 14:57:56", 
            "object_repr": "hooopper;hoooooooo;jfjfj;ldkdk;sosrsly;two;four;;", 
            "object_id": "68", 
            "change_message": "", 
            "user": 14, 
            "content_type": 15
        }
    }, 
    {
        "pk": 186, 
        "model": "admin.logentry", 
        "fields": {
            "action_flag": 2, 
            "action_time": "2010-03-21 11:45:15", 
            "object_repr": "Features", 
            "object_id": "5", 
            "change_message": "Added question \"What are the features of your product? (no more than 10!)\". Added question \"What is the customer benefit of each feature?\".", 
            "user": 14, 
            "content_type": 12
        }
    }, 
    {
        "pk": 185, 
        "model": "admin.logentry", 
        "fields": {
            "action_flag": 2, 
            "action_time": "2010-03-21 11:37:33", 
            "object_repr": "Features", 
            "object_id": "5", 
            "change_message": "Changed custom_template.", 
            "user": 14, 
            "content_type": 12
        }
    }, 
    {
        "pk": 184, 
        "model": "admin.logentry", 
        "fields": {
            "action_flag": 2, 
            "action_time": "2010-03-21 00:10:32", 
            "object_repr": "Identification", 
            "object_id": "7", 
            "change_message": "Changed name.", 
            "user": 14, 
            "content_type": 12
        }
    }, 
    {
        "pk": 183, 
        "model": "admin.logentry", 
        "fields": {
            "action_flag": 2, 
            "action_time": "2010-03-21 00:08:10", 
            "object_repr": "Understanding", 
            "object_id": "9", 
            "change_message": "Deleted question \"bleh\".", 
            "user": 14, 
            "content_type": 12
        }
    }, 
    {
        "pk": 182, 
        "model": "admin.logentry", 
        "fields": {
            "action_flag": 1, 
            "action_time": "2010-03-21 00:07:55", 
            "object_repr": "Understanding", 
            "object_id": "9", 
            "change_message": "", 
            "user": 14, 
            "content_type": 12
        }
    }, 
    {
        "pk": 181, 
        "model": "admin.logentry", 
        "fields": {
            "action_flag": 1, 
            "action_time": "2010-03-21 00:04:25", 
            "object_repr": "Customer Problems", 
            "object_id": "8", 
            "change_message": "", 
            "user": 14, 
            "content_type": 12
        }
    }, 
    {
        "pk": 180, 
        "model": "admin.logentry", 
        "fields": {
            "action_flag": 1, 
            "action_time": "2010-03-20 23:57:47", 
            "object_repr": "Problem", 
            "object_id": "7", 
            "change_message": "", 
            "user": 14, 
            "content_type": 12
        }
    }, 
    {
        "pk": 179, 
        "model": "admin.logentry", 
        "fields": {
            "action_flag": 2, 
            "action_time": "2010-03-20 23:17:08", 
            "object_repr": "IP & Dependency Analysis", 
            "object_id": "6", 
            "change_message": "Added question \"What intellectual property of ours will be unique? What will be patented or considered a trade secret?\". Added question \"What IP of other's will we need to license, infringe on, or work around?\". Added question \"Have you checked to see if anyone else has important IP in our space?\".", 
            "user": 14, 
            "content_type": 12
        }
    }, 
    {
        "pk": 178, 
        "model": "admin.logentry", 
        "fields": {
            "action_flag": 2, 
            "action_time": "2010-03-20 23:15:25", 
            "object_repr": "Product Overview", 
            "object_id": "4", 
            "change_message": "Added question \"What problem are you solving? What is the general goal of the product?\". Added question \"Upload a simplified architectural diagram\". Added question \"What is the total cost of ownership of your product, including training, deployment, and additional personnel/tech infrastructure?\".", 
            "user": 14, 
            "content_type": 12
        }
    }, 
    {
        "pk": 177, 
        "model": "admin.logentry", 
        "fields": {
            "action_flag": 2, 
            "action_time": "2010-03-20 23:13:22", 
            "object_repr": "Customer Discovery - State Your Hypotheses - Product Hypothesis", 
            "object_id": "1", 
            "change_message": "Added worksheet \"Product Overview\". Added worksheet \"Features\". Added worksheet \"IP & Dependency Analysis\".", 
            "user": 14, 
            "content_type": 11
        }
    }, 
    {
        "pk": 176, 
        "model": "admin.logentry", 
        "fields": {
            "action_flag": 2, 
            "action_time": "2010-03-20 22:45:47", 
            "object_repr": " Have you educated the board & founding team about customer development?", 
            "object_id": "1", 
            "change_message": "Changed details.", 
            "user": 14, 
            "content_type": 13
        }
    }, 
    {
        "pk": 173, 
        "model": "admin.logentry", 
        "fields": {
            "action_flag": 3, 
            "action_time": "2010-03-20 21:41:53", 
            "object_repr": "Customer Validation", 
            "object_id": "3", 
            "change_message": "", 
            "user": 14, 
            "content_type": 9
        }
    }, 
    {
        "pk": 174, 
        "model": "admin.logentry", 
        "fields": {
            "action_flag": 3, 
            "action_time": "2010-03-20 21:41:53", 
            "object_repr": "Customer Discovery", 
            "object_id": "2", 
            "change_message": "", 
            "user": 14, 
            "content_type": 9
        }
    }, 
    {
        "pk": 175, 
        "model": "admin.logentry", 
        "fields": {
            "action_flag": 3, 
            "action_time": "2010-03-20 21:41:53", 
            "object_repr": "\tCustomer Discovery", 
            "object_id": "1", 
            "change_message": "", 
            "user": 14, 
            "content_type": 9
        }
    }, 
    {
        "pk": 170, 
        "model": "admin.logentry", 
        "fields": {
            "action_flag": 3, 
            "action_time": "2010-03-20 21:38:13", 
            "object_repr": "Customer Validation", 
            "object_id": "3", 
            "change_message": "", 
            "user": 14, 
            "content_type": 9
        }
    }, 
    {
        "pk": 171, 
        "model": "admin.logentry", 
        "fields": {
            "action_flag": 3, 
            "action_time": "2010-03-20 21:38:13", 
            "object_repr": "Customer Discovery", 
            "object_id": "2", 
            "change_message": "", 
            "user": 14, 
            "content_type": 9
        }
    }, 
    {
        "pk": 172, 
        "model": "admin.logentry", 
        "fields": {
            "action_flag": 3, 
            "action_time": "2010-03-20 21:38:13", 
            "object_repr": "\tCustomer Discovery", 
            "object_id": "1", 
            "change_message": "", 
            "user": 14, 
            "content_type": 9
        }
    }, 
    {
        "pk": 169, 
        "model": "admin.logentry", 
        "fields": {
            "action_flag": 2, 
            "action_time": "2010-03-20 19:02:17", 
            "object_repr": " Get Board & Management Buy-in", 
            "object_id": "1", 
            "change_message": "No fields changed.", 
            "user": 14, 
            "content_type": 12
        }
    }, 
    {
        "pk": 162, 
        "model": "admin.logentry", 
        "fields": {
            "action_flag": 3, 
            "action_time": "2010-03-20 17:56:14", 
            "object_repr": "blank question", 
            "object_id": "42", 
            "change_message": "", 
            "user": 14, 
            "content_type": 13
        }
    }, 
    {
        "pk": 163, 
        "model": "admin.logentry", 
        "fields": {
            "action_flag": 3, 
            "action_time": "2010-03-20 17:56:14", 
            "object_repr": "blank question", 
            "object_id": "43", 
            "change_message": "", 
            "user": 14, 
            "content_type": 13
        }
    }, 
    {
        "pk": 164, 
        "model": "admin.logentry", 
        "fields": {
            "action_flag": 3, 
            "action_time": "2010-03-20 17:56:14", 
            "object_repr": "blank question", 
            "object_id": "44", 
            "change_message": "", 
            "user": 14, 
            "content_type": 13
        }
    }, 
    {
        "pk": 165, 
        "model": "admin.logentry", 
        "fields": {
            "action_flag": 3, 
            "action_time": "2010-03-20 17:56:14", 
            "object_repr": "blank question", 
            "object_id": "45", 
            "change_message": "", 
            "user": 14, 
            "content_type": 13
        }
    }, 
    {
        "pk": 166, 
        "model": "admin.logentry", 
        "fields": {
            "action_flag": 3, 
            "action_time": "2010-03-20 17:56:14", 
            "object_repr": "blank question", 
            "object_id": "46", 
            "change_message": "", 
            "user": 14, 
            "content_type": 13
        }
    }, 
    {
        "pk": 167, 
        "model": "admin.logentry", 
        "fields": {
            "action_flag": 3, 
            "action_time": "2010-03-20 17:56:14", 
            "object_repr": "blank question", 
            "object_id": "47", 
            "change_message": "", 
            "user": 14, 
            "content_type": 13
        }
    }, 
    {
        "pk": 168, 
        "model": "admin.logentry", 
        "fields": {
            "action_flag": 3, 
            "action_time": "2010-03-20 17:56:14", 
            "object_repr": "blank question", 
            "object_id": "48", 
            "change_message": "", 
            "user": 14, 
            "content_type": 13
        }
    }, 
    {
        "pk": 155, 
        "model": "admin.logentry", 
        "fields": {
            "action_flag": 3, 
            "action_time": "2010-03-20 17:56:13", 
            "object_repr": "blank question", 
            "object_id": "35", 
            "change_message": "", 
            "user": 14, 
            "content_type": 13
        }
    }, 
    {
        "pk": 156, 
        "model": "admin.logentry", 
        "fields": {
            "action_flag": 3, 
            "action_time": "2010-03-20 17:56:13", 
            "object_repr": "blank question", 
            "object_id": "36", 
            "change_message": "", 
            "user": 14, 
            "content_type": 13
        }
    }, 
    {
        "pk": 157, 
        "model": "admin.logentry", 
        "fields": {
            "action_flag": 3, 
            "action_time": "2010-03-20 17:56:13", 
            "object_repr": "blank question", 
            "object_id": "37", 
            "change_message": "", 
            "user": 14, 
            "content_type": 13
        }
    }, 
    {
        "pk": 158, 
        "model": "admin.logentry", 
        "fields": {
            "action_flag": 3, 
            "action_time": "2010-03-20 17:56:13", 
            "object_repr": "blank question", 
            "object_id": "38", 
            "change_message": "", 
            "user": 14, 
            "content_type": 13
        }
    }, 
    {
        "pk": 159, 
        "model": "admin.logentry", 
        "fields": {
            "action_flag": 3, 
            "action_time": "2010-03-20 17:56:13", 
            "object_repr": "blank question", 
            "object_id": "39", 
            "change_message": "", 
            "user": 14, 
            "content_type": 13
        }
    }, 
    {
        "pk": 160, 
        "model": "admin.logentry", 
        "fields": {
            "action_flag": 3, 
            "action_time": "2010-03-20 17:56:13", 
            "object_repr": "blank question", 
            "object_id": "40", 
            "change_message": "", 
            "user": 14, 
            "content_type": 13
        }
    }, 
    {
        "pk": 161, 
        "model": "admin.logentry", 
        "fields": {
            "action_flag": 3, 
            "action_time": "2010-03-20 17:56:13", 
            "object_repr": "blank question", 
            "object_id": "41", 
            "change_message": "", 
            "user": 14, 
            "content_type": 13
        }
    }, 
    {
        "pk": 145, 
        "model": "admin.logentry", 
        "fields": {
            "action_flag": 3, 
            "action_time": "2010-03-20 17:56:12", 
            "object_repr": "blank question", 
            "object_id": "25", 
            "change_message": "", 
            "user": 14, 
            "content_type": 13
        }
    }, 
    {
        "pk": 146, 
        "model": "admin.logentry", 
        "fields": {
            "action_flag": 3, 
            "action_time": "2010-03-20 17:56:12", 
            "object_repr": "blank question", 
            "object_id": "26", 
            "change_message": "", 
            "user": 14, 
            "content_type": 13
        }
    }, 
    {
        "pk": 147, 
        "model": "admin.logentry", 
        "fields": {
            "action_flag": 3, 
            "action_time": "2010-03-20 17:56:12", 
            "object_repr": "blank question", 
            "object_id": "27", 
            "change_message": "", 
            "user": 14, 
            "content_type": 13
        }
    }, 
    {
        "pk": 148, 
        "model": "admin.logentry", 
        "fields": {
            "action_flag": 3, 
            "action_time": "2010-03-20 17:56:12", 
            "object_repr": "blank question", 
            "object_id": "28", 
            "change_message": "", 
            "user": 14, 
            "content_type": 13
        }
    }, 
    {
        "pk": 149, 
        "model": "admin.logentry", 
        "fields": {
            "action_flag": 3, 
            "action_time": "2010-03-20 17:56:12", 
            "object_repr": "blank question", 
            "object_id": "29", 
            "change_message": "", 
            "user": 14, 
            "content_type": 13
        }
    }, 
    {
        "pk": 150, 
        "model": "admin.logentry", 
        "fields": {
            "action_flag": 3, 
            "action_time": "2010-03-20 17:56:12", 
            "object_repr": "blank question", 
            "object_id": "30", 
            "change_message": "", 
            "user": 14, 
            "content_type": 13
        }
    }, 
    {
        "pk": 151, 
        "model": "admin.logentry", 
        "fields": {
            "action_flag": 3, 
            "action_time": "2010-03-20 17:56:12", 
            "object_repr": "blank question", 
            "object_id": "31", 
            "change_message": "", 
            "user": 14, 
            "content_type": 13
        }
    }, 
    {
        "pk": 152, 
        "model": "admin.logentry", 
        "fields": {
            "action_flag": 3, 
            "action_time": "2010-03-20 17:56:12", 
            "object_repr": "blank question", 
            "object_id": "32", 
            "change_message": "", 
            "user": 14, 
            "content_type": 13
        }
    }, 
    {
        "pk": 153, 
        "model": "admin.logentry", 
        "fields": {
            "action_flag": 3, 
            "action_time": "2010-03-20 17:56:12", 
            "object_repr": "blank question", 
            "object_id": "33", 
            "change_message": "", 
            "user": 14, 
            "content_type": 13
        }
    }, 
    {
        "pk": 154, 
        "model": "admin.logentry", 
        "fields": {
            "action_flag": 3, 
            "action_time": "2010-03-20 17:56:12", 
            "object_repr": "blank question", 
            "object_id": "34", 
            "change_message": "", 
            "user": 14, 
            "content_type": 13
        }
    }, 
    {
        "pk": 143, 
        "model": "admin.logentry", 
        "fields": {
            "action_flag": 3, 
            "action_time": "2010-03-20 17:35:49", 
            "object_repr": " The Team", 
            "object_id": "2", 
            "change_message": "", 
            "user": 14, 
            "content_type": 12
        }
    }, 
    {
        "pk": 144, 
        "model": "admin.logentry", 
        "fields": {
            "action_flag": 3, 
            "action_time": "2010-03-20 17:35:49", 
            "object_repr": "Vision & values", 
            "object_id": "3", 
            "change_message": "", 
            "user": 14, 
            "content_type": 12
        }
    }, 
    {
        "pk": 139, 
        "model": "admin.logentry", 
        "fields": {
            "action_flag": 3, 
            "action_time": "2010-03-20 17:35:48", 
            "object_repr": " Get Board & Management Buy-in", 
            "object_id": "4", 
            "change_message": "", 
            "user": 14, 
            "content_type": 12
        }
    }, 
    {
        "pk": 140, 
        "model": "admin.logentry", 
        "fields": {
            "action_flag": 3, 
            "action_time": "2010-03-20 17:35:48", 
            "object_repr": " The Team", 
            "object_id": "5", 
            "change_message": "", 
            "user": 14, 
            "content_type": 12
        }
    }, 
    {
        "pk": 141, 
        "model": "admin.logentry", 
        "fields": {
            "action_flag": 3, 
            "action_time": "2010-03-20 17:35:48", 
            "object_repr": "Vision & values", 
            "object_id": "6", 
            "change_message": "", 
            "user": 14, 
            "content_type": 12
        }
    }, 
    {
        "pk": 142, 
        "model": "admin.logentry", 
        "fields": {
            "action_flag": 3, 
            "action_time": "2010-03-20 17:35:48", 
            "object_repr": " Get Board & Management Buy-in", 
            "object_id": "1", 
            "change_message": "", 
            "user": 14, 
            "content_type": 12
        }
    }, 
    {
        "pk": 137, 
        "model": "admin.logentry", 
        "fields": {
            "action_flag": 3, 
            "action_time": "2010-03-20 17:33:43", 
            "object_repr": " The Team", 
            "object_id": "2", 
            "change_message": "", 
            "user": 14, 
            "content_type": 12
        }
    }, 
    {
        "pk": 138, 
        "model": "admin.logentry", 
        "fields": {
            "action_flag": 3, 
            "action_time": "2010-03-20 17:33:43", 
            "object_repr": "Vision & values", 
            "object_id": "3", 
            "change_message": "", 
            "user": 14, 
            "content_type": 12
        }
    }, 
    {
        "pk": 133, 
        "model": "admin.logentry", 
        "fields": {
            "action_flag": 3, 
            "action_time": "2010-03-20 17:33:42", 
            "object_repr": " Get Board & Management Buy-in", 
            "object_id": "4", 
            "change_message": "", 
            "user": 14, 
            "content_type": 12
        }
    }, 
    {
        "pk": 134, 
        "model": "admin.logentry", 
        "fields": {
            "action_flag": 3, 
            "action_time": "2010-03-20 17:33:42", 
            "object_repr": " The Team", 
            "object_id": "5", 
            "change_message": "", 
            "user": 14, 
            "content_type": 12
        }
    }, 
    {
        "pk": 135, 
        "model": "admin.logentry", 
        "fields": {
            "action_flag": 3, 
            "action_time": "2010-03-20 17:33:42", 
            "object_repr": "Vision & values", 
            "object_id": "6", 
            "change_message": "", 
            "user": 14, 
            "content_type": 12
        }
    }, 
    {
        "pk": 136, 
        "model": "admin.logentry", 
        "fields": {
            "action_flag": 3, 
            "action_time": "2010-03-20 17:33:42", 
            "object_repr": " Get Board & Management Buy-in", 
            "object_id": "1", 
            "change_message": "", 
            "user": 14, 
            "content_type": 12
        }
    }, 
    {
        "pk": 132, 
        "model": "admin.logentry", 
        "fields": {
            "action_flag": 3, 
            "action_time": "2010-03-20 16:20:45", 
            "object_repr": " The Team", 
            "object_id": "2", 
            "change_message": "", 
            "user": 14, 
            "content_type": 12
        }
    }, 
    {
        "pk": 131, 
        "model": "admin.logentry", 
        "fields": {
            "action_flag": 3, 
            "action_time": "2010-03-20 16:20:44", 
            "object_repr": " Get Board & Management Buy-in", 
            "object_id": "1", 
            "change_message": "", 
            "user": 14, 
            "content_type": 12
        }
    }, 
    {
        "pk": 130, 
        "model": "admin.logentry", 
        "fields": {
            "action_flag": 3, 
            "action_time": "2010-03-20 16:12:56", 
            "object_repr": "Vision & values", 
            "object_id": "4", 
            "change_message": "", 
            "user": 14, 
            "content_type": 12
        }
    }, 
    {
        "pk": 125, 
        "model": "admin.logentry", 
        "fields": {
            "action_flag": 3, 
            "action_time": "2010-03-20 16:12:55", 
            "object_repr": "Get Board & Management Buy-in", 
            "object_id": "5", 
            "change_message": "", 
            "user": 14, 
            "content_type": 12
        }
    }, 
    {
        "pk": 126, 
        "model": "admin.logentry", 
        "fields": {
            "action_flag": 3, 
            "action_time": "2010-03-20 16:12:55", 
            "object_repr": "The Team", 
            "object_id": "6", 
            "change_message": "", 
            "user": 14, 
            "content_type": 12
        }
    }, 
    {
        "pk": 127, 
        "model": "admin.logentry", 
        "fields": {
            "action_flag": 3, 
            "action_time": "2010-03-20 16:12:55", 
            "object_repr": "Vision & values", 
            "object_id": "7", 
            "change_message": "", 
            "user": 14, 
            "content_type": 12
        }
    }, 
    {
        "pk": 128, 
        "model": "admin.logentry", 
        "fields": {
            "action_flag": 3, 
            "action_time": "2010-03-20 16:12:55", 
            "object_repr": "Get Board & Management Buy-in", 
            "object_id": "1", 
            "change_message": "", 
            "user": 14, 
            "content_type": 12
        }
    }, 
    {
        "pk": 129, 
        "model": "admin.logentry", 
        "fields": {
            "action_flag": 3, 
            "action_time": "2010-03-20 16:12:55", 
            "object_repr": "The Team", 
            "object_id": "2", 
            "change_message": "", 
            "user": 14, 
            "content_type": 12
        }
    }, 
    {
        "pk": 124, 
        "model": "admin.logentry", 
        "fields": {
            "action_flag": 2, 
            "action_time": "2010-03-20 16:08:04", 
            "object_repr": "Get Board & Management Buy-in", 
            "object_id": "1", 
            "change_message": "Changed answer for question \"Have you educated the board & founding team about customer development?\". Changed answer for question \"Is there board and founding team buy-in for the CD process?\". Changed answer for question \"Which market type do we think we\u2019re in? \". Changed answer for question \"How much funding will we need for 2-3 passes around discovery & validation?\". Changed answer for question \"Is there enough funding for 2-3 passes? \". Changed answer for question \"How long will we stay in discovery and validation?\".", 
            "user": 14, 
            "content_type": 12
        }
    }, 
    {
        "pk": 123, 
        "model": "admin.logentry", 
        "fields": {
            "action_flag": 2, 
            "action_time": "2010-03-20 16:04:41", 
            "object_repr": "Vision & values", 
            "object_id": "4", 
            "change_message": "Changed name.", 
            "user": 14, 
            "content_type": 12
        }
    }, 
    {
        "pk": 120, 
        "model": "admin.logentry", 
        "fields": {
            "action_flag": 2, 
            "action_time": "2010-03-19 13:40:42", 
            "object_repr": "Get Board & Management Buy-in", 
            "object_id": "1", 
            "change_message": "Changed is_unassigned.", 
            "user": 14, 
            "content_type": 12
        }
    }, 
    {
        "pk": 121, 
        "model": "admin.logentry", 
        "fields": {
            "action_flag": 2, 
            "action_time": "2010-03-19 13:40:42", 
            "object_repr": "The Team", 
            "object_id": "2", 
            "change_message": "Changed is_unassigned.", 
            "user": 14, 
            "content_type": 12
        }
    }, 
    {
        "pk": 122, 
        "model": "admin.logentry", 
        "fields": {
            "action_flag": 2, 
            "action_time": "2010-03-19 13:40:42", 
            "object_repr": "The Team", 
            "object_id": "4", 
            "change_message": "Changed is_unassigned.", 
            "user": 14, 
            "content_type": 12
        }
    }, 
    {
        "pk": 117, 
        "model": "admin.logentry", 
        "fields": {
            "action_flag": 3, 
            "action_time": "2010-03-19 13:38:45", 
            "object_repr": "Get Board & Management Buy-in", 
            "object_id": "5", 
            "change_message": "", 
            "user": 14, 
            "content_type": 12
        }
    }, 
    {
        "pk": 118, 
        "model": "admin.logentry", 
        "fields": {
            "action_flag": 3, 
            "action_time": "2010-03-19 13:38:45", 
            "object_repr": "The Team", 
            "object_id": "7", 
            "change_message": "", 
            "user": 14, 
            "content_type": 12
        }
    }, 
    {
        "pk": 119, 
        "model": "admin.logentry", 
        "fields": {
            "action_flag": 3, 
            "action_time": "2010-03-19 13:38:45", 
            "object_repr": "The Team", 
            "object_id": "9", 
            "change_message": "", 
            "user": 14, 
            "content_type": 12
        }
    }, 
    {
        "pk": 114, 
        "model": "admin.logentry", 
        "fields": {
            "action_flag": 3, 
            "action_time": "2010-03-19 13:38:30", 
            "object_repr": "Get Board & Management Buy-in", 
            "object_id": "6", 
            "change_message": "", 
            "user": 14, 
            "content_type": 12
        }
    }, 
    {
        "pk": 115, 
        "model": "admin.logentry", 
        "fields": {
            "action_flag": 3, 
            "action_time": "2010-03-19 13:38:30", 
            "object_repr": "The Team", 
            "object_id": "8", 
            "change_message": "", 
            "user": 14, 
            "content_type": 12
        }
    }, 
    {
        "pk": 116, 
        "model": "admin.logentry", 
        "fields": {
            "action_flag": 3, 
            "action_time": "2010-03-19 13:38:30", 
            "object_repr": "The Team", 
            "object_id": "10", 
            "change_message": "", 
            "user": 14, 
            "content_type": 12
        }
    }, 
    {
        "pk": 113, 
        "model": "admin.logentry", 
        "fields": {
            "action_flag": 2, 
            "action_time": "2010-03-19 13:25:29", 
            "object_repr": "Get Board & Management Buy-in", 
            "object_id": "1", 
            "change_message": "Changed order for question \"Which market type do we think we\u2019re in? \". Changed order for question \"How much funding will we need for 2-3 passes around discovery & validation?\". Changed order for question \"Is there enough funding for 2-3 passes? \". Changed order for question \"How long will we stay in discovery and validation?\". Changed order for question \"Have you educated the board & founding team about customer development?\".", 
            "user": 14, 
            "content_type": 12
        }
    }, 
    {
        "pk": 112, 
        "model": "admin.logentry", 
        "fields": {
            "action_flag": 2, 
            "action_time": "2010-03-18 16:32:20", 
            "object_repr": "Product hypothesis", 
            "object_id": "11", 
            "change_message": "Changed is_unassigned.", 
            "user": 14, 
            "content_type": 12
        }
    }, 
    {
        "pk": 110, 
        "model": "admin.logentry", 
        "fields": {
            "action_flag": 3, 
            "action_time": "2010-03-18 16:32:10", 
            "object_repr": "", 
            "object_id": "13", 
            "change_message": "", 
            "user": 14, 
            "content_type": 12
        }
    }, 
    {
        "pk": 111, 
        "model": "admin.logentry", 
        "fields": {
            "action_flag": 3, 
            "action_time": "2010-03-18 16:32:10", 
            "object_repr": "", 
            "object_id": "12", 
            "change_message": "", 
            "user": 14, 
            "content_type": 12
        }
    }, 
    {
        "pk": 108, 
        "model": "admin.logentry", 
        "fields": {
            "action_flag": 3, 
            "action_time": "2010-03-18 16:32:09", 
            "object_repr": "", 
            "object_id": "15", 
            "change_message": "", 
            "user": 14, 
            "content_type": 12
        }
    }, 
    {
        "pk": 109, 
        "model": "admin.logentry", 
        "fields": {
            "action_flag": 3, 
            "action_time": "2010-03-18 16:32:09", 
            "object_repr": "", 
            "object_id": "14", 
            "change_message": "", 
            "user": 14, 
            "content_type": 12
        }
    }, 
    {
        "pk": 107, 
        "model": "admin.logentry", 
        "fields": {
            "action_flag": 2, 
            "action_time": "2010-03-18 16:29:29", 
            "object_repr": "Product hypothesis", 
            "object_id": "11", 
            "change_message": "Added question \"Release 3?\". Added question \"What else will be put in during the next 18-24 months?\".", 
            "user": 14, 
            "content_type": 12
        }
    }, 
    {
        "pk": 106, 
        "model": "admin.logentry", 
        "fields": {
            "action_flag": 2, 
            "action_time": "2010-03-18 16:29:06", 
            "object_repr": "Product hypothesis", 
            "object_id": "11", 
            "change_message": "Added question \"What are the user benefits associated with each feature?\". Added question \"Describe the minimum viable product release\". Added question \"What is release 2?\". Changed prompt and field_rows for question \"List the key features (no more than 10!) in order of importance\".", 
            "user": 14, 
            "content_type": 12
        }
    }, 
    {
        "pk": 105, 
        "model": "admin.logentry", 
        "fields": {
            "action_flag": 2, 
            "action_time": "2010-03-18 15:54:33", 
            "object_repr": "Product hypothesis", 
            "object_id": "11", 
            "change_message": "Added question \"What problem are you solving?\". Added question \"What is the general goal of the product?\". Added question \"Provide a simplified architectural diagram\".", 
            "user": 14, 
            "content_type": 12
        }
    }, 
    {
        "pk": 104, 
        "model": "admin.logentry", 
        "fields": {
            "action_flag": 1, 
            "action_time": "2010-03-18 15:52:41", 
            "object_repr": "Product hypothesis", 
            "object_id": "11", 
            "change_message": "", 
            "user": 14, 
            "content_type": 12
        }
    }, 
    {
        "pk": 103, 
        "model": "admin.logentry", 
        "fields": {
            "action_flag": 2, 
            "action_time": "2010-03-18 15:51:03", 
            "object_repr": "Mission & values", 
            "object_id": "10", 
            "change_message": "Changed name.", 
            "user": 14, 
            "content_type": 12
        }
    }, 
    {
        "pk": 102, 
        "model": "admin.logentry", 
        "fields": {
            "action_flag": 2, 
            "action_time": "2010-03-18 15:49:16", 
            "object_repr": "Mission & values", 
            "object_id": "4", 
            "change_message": "Changed name.", 
            "user": 14, 
            "content_type": 12
        }
    }, 
    {
        "pk": 101, 
        "model": "admin.logentry", 
        "fields": {
            "action_flag": 2, 
            "action_time": "2010-03-18 15:48:48", 
            "object_repr": "Mission & values", 
            "object_id": "9", 
            "change_message": "Changed name.", 
            "user": 14, 
            "content_type": 12
        }
    }, 
    {
        "pk": 100, 
        "model": "admin.logentry", 
        "fields": {
            "action_flag": 2, 
            "action_time": "2010-03-18 15:48:39", 
            "object_repr": "Mission & Values", 
            "object_id": "10", 
            "change_message": "Changed name. Changed answer for question \"What is your mission statement? This should be around 2 paragraphs describing your vision for the product, business, and market.\".", 
            "user": 14, 
            "content_type": 12
        }
    }, 
    {
        "pk": 99, 
        "model": "admin.logentry", 
        "fields": {
            "action_flag": 2, 
            "action_time": "2010-03-18 14:57:42", 
            "object_repr": "What are the 3 to 5 core values the founding team believes in?", 
            "object_id": "37", 
            "change_message": "Changed answer and field_rows.", 
            "user": 14, 
            "content_type": 13
        }
    }, 
    {
        "pk": 98, 
        "model": "admin.logentry", 
        "fields": {
            "action_flag": 2, 
            "action_time": "2010-03-18 14:51:19", 
            "object_repr": "What are the 3 to 5 core values the founding team believes in?", 
            "object_id": "63", 
            "change_message": "Changed field_rows.", 
            "user": 14, 
            "content_type": 13
        }
    }, 
    {
        "pk": 97, 
        "model": "admin.logentry", 
        "fields": {
            "action_flag": 2, 
            "action_time": "2010-03-18 14:04:44", 
            "object_repr": "Get Board & Management Buy-in", 
            "object_id": "1", 
            "change_message": "Changed is_unassigned. Added question \"Have you educated the board & founding team about customer development?\".", 
            "user": 14, 
            "content_type": 12
        }
    }, 
    {
        "pk": 96, 
        "model": "admin.logentry", 
        "fields": {
            "action_flag": 2, 
            "action_time": "2010-03-18 14:02:32", 
            "object_repr": "The Team", 
            "object_id": "2", 
            "change_message": "Changed is_unassigned.", 
            "user": 14, 
            "content_type": 12
        }
    }, 
    {
        "pk": 95, 
        "model": "admin.logentry", 
        "fields": {
            "action_flag": 2, 
            "action_time": "2010-03-18 14:02:13", 
            "object_repr": "The Team", 
            "object_id": "4", 
            "change_message": "Changed is_unassigned. Added question \"What are the 3 to 5 core values the founding team believes in?\". Changed prompt for question \"What is your mission statement? This should be around 2 paragraphs describing your vision for the product, business, and market.\".", 
            "user": 14, 
            "content_type": 12
        }
    }, 
    {
        "pk": 94, 
        "model": "admin.logentry", 
        "fields": {
            "action_flag": 3, 
            "action_time": "2010-03-18 14:01:41", 
            "object_repr": "The Team", 
            "object_id": "3", 
            "change_message": "", 
            "user": 14, 
            "content_type": 12
        }
    }, 
    {
        "pk": 93, 
        "model": "admin.logentry", 
        "fields": {
            "action_flag": 2, 
            "action_time": "2010-03-18 14:01:35", 
            "object_repr": "The Team", 
            "object_id": "3", 
            "change_message": "Deleted question \"What is your mission statement? This should be around 2 paragraphs describing your vision for the product, business, and market.\".", 
            "user": 14, 
            "content_type": 12
        }
    }, 
    {
        "pk": 92, 
        "model": "admin.logentry", 
        "fields": {
            "action_flag": 2, 
            "action_time": "2010-03-18 13:50:29", 
            "object_repr": "Is there board and founding team buy-in for the CD process?", 
            "object_id": "1", 
            "change_message": "Changed extraInfo.", 
            "user": 14, 
            "content_type": 13
        }
    }, 
    {
        "pk": 90, 
        "model": "admin.logentry", 
        "fields": {
            "action_flag": 2, 
            "action_time": "2010-03-18 13:49:14", 
            "object_repr": "Which market type do we think we\u2019re in? ", 
            "object_id": "2", 
            "change_message": "Changed extraInfo.", 
            "user": 14, 
            "content_type": 13
        }
    }, 
    {
        "pk": 88, 
        "model": "admin.logentry", 
        "fields": {
            "action_flag": 2, 
            "action_time": "2010-03-18 13:47:49", 
            "object_repr": "How much funding will we need for 2-3 passes around discovery & validation?", 
            "object_id": "3", 
            "change_message": "Changed extraInfo.", 
            "user": 14, 
            "content_type": 13
        }
    }, 
    {
        "pk": 86, 
        "model": "admin.logentry", 
        "fields": {
            "action_flag": 2, 
            "action_time": "2010-03-18 13:47:26", 
            "object_repr": "Is there enough funding for 2-3 passes? ", 
            "object_id": "4", 
            "change_message": "Changed extraInfo.", 
            "user": 14, 
            "content_type": 13
        }
    }, 
    {
        "pk": 84, 
        "model": "admin.logentry", 
        "fields": {
            "action_flag": 2, 
            "action_time": "2010-03-18 13:46:08", 
            "object_repr": "How long will we stay in discovery and validation?", 
            "object_id": "5", 
            "change_message": "Changed extraInfo.", 
            "user": 14, 
            "content_type": 13
        }
    }, 
    {
        "pk": 82, 
        "model": "admin.logentry", 
        "fields": {
            "action_flag": 2, 
            "action_time": "2010-03-18 13:44:20", 
            "object_repr": "Who is the business visionary?", 
            "object_id": "6", 
            "change_message": "Changed extraInfo.", 
            "user": 14, 
            "content_type": 13
        }
    }, 
    {
        "pk": 80, 
        "model": "admin.logentry", 
        "fields": {
            "action_flag": 2, 
            "action_time": "2010-03-18 13:44:09", 
            "object_repr": "Who is the business execution?", 
            "object_id": "7", 
            "change_message": "Changed extraInfo.", 
            "user": 14, 
            "content_type": 13
        }
    }, 
    {
        "pk": 78, 
        "model": "admin.logentry", 
        "fields": {
            "action_flag": 2, 
            "action_time": "2010-03-18 13:43:58", 
            "object_repr": "Who is the product visionary?", 
            "object_id": "8", 
            "change_message": "Changed extraInfo.", 
            "user": 14, 
            "content_type": 13
        }
    }, 
    {
        "pk": 76, 
        "model": "admin.logentry", 
        "fields": {
            "action_flag": 2, 
            "action_time": "2010-03-18 13:43:03", 
            "object_repr": "Who is the product execution?", 
            "object_id": "9", 
            "change_message": "Changed extraInfo.", 
            "user": 14, 
            "content_type": 13
        }
    }, 
    {
        "pk": 74, 
        "model": "admin.logentry", 
        "fields": {
            "action_flag": 2, 
            "action_time": "2010-03-18 13:42:53", 
            "object_repr": "What is your mission statement? This should be around 2 paragraphs describing your vision for the product, business, and market.", 
            "object_id": "10", 
            "change_message": "Changed extraInfo.", 
            "user": 14, 
            "content_type": 13
        }
    }, 
    {
        "pk": 72, 
        "model": "admin.logentry", 
        "fields": {
            "action_flag": 2, 
            "action_time": "2010-03-18 13:42:23", 
            "object_repr": "What are the 3 to 5 core values the founding team believes in?", 
            "object_id": "11", 
            "change_message": "Changed extraInfo.", 
            "user": 14, 
            "content_type": 13
        }
    }, 
    {
        "pk": 70, 
        "model": "admin.logentry", 
        "fields": {
            "action_flag": 2, 
            "action_time": "2010-03-18 09:08:39", 
            "object_repr": "What are the 3 to 5 core values the founding team believes in?", 
            "object_id": "51", 
            "change_message": "Changed extraInfo.", 
            "user": 14, 
            "content_type": 13
        }
    }, 
    {
        "pk": 68, 
        "model": "admin.logentry", 
        "fields": {
            "action_flag": 1, 
            "action_time": "2010-03-18 09:08:13", 
            "object_repr": "doop doop?", 
            "object_id": "52", 
            "change_message": "", 
            "user": 14, 
            "content_type": 13
        }
    }, 
    {
        "pk": 65, 
        "model": "admin.logentry", 
        "fields": {
            "action_flag": 3, 
            "action_time": "2010-03-18 02:24:48", 
            "object_repr": "Friendly First Contacts", 
            "object_id": "52", 
            "change_message": "", 
            "user": 14, 
            "content_type": 12
        }
    }, 
    {
        "pk": 66, 
        "model": "admin.logentry", 
        "fields": {
            "action_flag": 3, 
            "action_time": "2010-03-18 02:24:48", 
            "object_repr": "Market Type Hypothesis", 
            "object_id": "51", 
            "change_message": "", 
            "user": 14, 
            "content_type": 12
        }
    }, 
    {
        "pk": 59, 
        "model": "admin.logentry", 
        "fields": {
            "action_flag": 3, 
            "action_time": "2010-03-18 02:24:47", 
            "object_repr": "Distribution Hypothesis", 
            "object_id": "58", 
            "change_message": "", 
            "user": 14, 
            "content_type": 12
        }
    }, 
    {
        "pk": 60, 
        "model": "admin.logentry", 
        "fields": {
            "action_flag": 3, 
            "action_time": "2010-03-18 02:24:47", 
            "object_repr": "Distribution Hypothesis", 
            "object_id": "57", 
            "change_message": "", 
            "user": 14, 
            "content_type": 12
        }
    }, 
    {
        "pk": 61, 
        "model": "admin.logentry", 
        "fields": {
            "action_flag": 3, 
            "action_time": "2010-03-18 02:24:47", 
            "object_repr": "Distribution Hypothesis", 
            "object_id": "56", 
            "change_message": "", 
            "user": 14, 
            "content_type": 12
        }
    }, 
    {
        "pk": 62, 
        "model": "admin.logentry", 
        "fields": {
            "action_flag": 3, 
            "action_time": "2010-03-18 02:24:47", 
            "object_repr": "Formalize Advisory Board", 
            "object_id": "55", 
            "change_message": "", 
            "user": 14, 
            "content_type": 12
        }
    }, 
    {
        "pk": 63, 
        "model": "admin.logentry", 
        "fields": {
            "action_flag": 3, 
            "action_time": "2010-03-18 02:24:47", 
            "object_repr": "Formalize Advisory Board", 
            "object_id": "54", 
            "change_message": "", 
            "user": 14, 
            "content_type": 12
        }
    }, 
    {
        "pk": 64, 
        "model": "admin.logentry", 
        "fields": {
            "action_flag": 3, 
            "action_time": "2010-03-18 02:24:47", 
            "object_repr": "Formalize Advisory Board", 
            "object_id": "53", 
            "change_message": "", 
            "user": 14, 
            "content_type": 12
        }
    }, 
    {
        "pk": 58, 
        "model": "admin.logentry", 
        "fields": {
            "action_flag": 2, 
            "action_time": "2010-03-18 02:23:55", 
            "object_repr": "Distribution Hypothesis", 
            "object_id": "56", 
            "change_message": "Added question \"please\". Added question \"work\".", 
            "user": 14, 
            "content_type": 12
        }
    }, 
    {
        "pk": 57, 
        "model": "admin.logentry", 
        "fields": {
            "action_flag": 2, 
            "action_time": "2010-03-18 02:22:45", 
            "object_repr": "Distribution Hypothesis", 
            "object_id": "56", 
            "change_message": "Added question \"turkey\". Added question \"baster\".", 
            "user": 14, 
            "content_type": 12
        }
    }, 
    {
        "pk": 56, 
        "model": "admin.logentry", 
        "fields": {
            "action_flag": 2, 
            "action_time": "2010-03-18 02:21:10", 
            "object_repr": "Distribution Hypothesis", 
            "object_id": "56", 
            "change_message": "Added question \"gee\". Added question \"whiz\".", 
            "user": 14, 
            "content_type": 12
        }
    }, 
    {
        "pk": 55, 
        "model": "admin.logentry", 
        "fields": {
            "action_flag": 2, 
            "action_time": "2010-03-18 02:17:37", 
            "object_repr": "Distribution Hypothesis", 
            "object_id": "56", 
            "change_message": "Changed is_unassigned for question \"party\". Changed is_unassigned for question \"poker\".", 
            "user": 14, 
            "content_type": 12
        }
    }, 
    {
        "pk": 54, 
        "model": "admin.logentry", 
        "fields": {
            "action_flag": 2, 
            "action_time": "2010-03-18 02:15:40", 
            "object_repr": "Distribution Hypothesis", 
            "object_id": "56", 
            "change_message": "Changed is_unassigned for question \"party\". Changed is_unassigned for question \"poker\".", 
            "user": 14, 
            "content_type": 12
        }
    }, 
    {
        "pk": 53, 
        "model": "admin.logentry", 
        "fields": {
            "action_flag": 2, 
            "action_time": "2010-03-18 02:08:51", 
            "object_repr": "Distribution Hypothesis", 
            "object_id": "56", 
            "change_message": "Added question \"party\". Added question \"poker\".", 
            "user": 14, 
            "content_type": 12
        }
    }, 
    {
        "pk": 52, 
        "model": "admin.logentry", 
        "fields": {
            "action_flag": 1, 
            "action_time": "2010-03-18 02:06:27", 
            "object_repr": "Distribution Hypothesis", 
            "object_id": "56", 
            "change_message": "", 
            "user": 14, 
            "content_type": 12
        }
    }, 
    {
        "pk": 51, 
        "model": "admin.logentry", 
        "fields": {
            "action_flag": 1, 
            "action_time": "2010-03-18 02:05:11", 
            "object_repr": "Formalize Advisory Board", 
            "object_id": "53", 
            "change_message": "", 
            "user": 14, 
            "content_type": 12
        }
    }, 
    {
        "pk": 50, 
        "model": "admin.logentry", 
        "fields": {
            "action_flag": 2, 
            "action_time": "2010-03-18 02:04:43", 
            "object_repr": "robfitz", 
            "object_id": "14", 
            "change_message": "Changed is_staff.", 
            "user": 13, 
            "content_type": 3
        }
    }, 
    {
        "pk": 49, 
        "model": "admin.logentry", 
        "fields": {
            "action_flag": 2, 
            "action_time": "2010-03-18 02:03:52", 
            "object_repr": "robfitz", 
            "object_id": "14", 
            "change_message": "Changed is_superuser.", 
            "user": 13, 
            "content_type": 3
        }
    }, 
    {
        "pk": 44, 
        "model": "admin.logentry", 
        "fields": {
            "action_flag": 3, 
            "action_time": "2010-03-18 01:54:57", 
            "object_repr": "a", 
            "object_id": "14", 
            "change_message": "", 
            "user": 13, 
            "content_type": 3
        }
    }, 
    {
        "pk": 45, 
        "model": "admin.logentry", 
        "fields": {
            "action_flag": 3, 
            "action_time": "2010-03-18 01:54:57", 
            "object_repr": "b", 
            "object_id": "15", 
            "change_message": "", 
            "user": 13, 
            "content_type": 3
        }
    }, 
    {
        "pk": 46, 
        "model": "admin.logentry", 
        "fields": {
            "action_flag": 3, 
            "action_time": "2010-03-18 01:54:57", 
            "object_repr": "c", 
            "object_id": "16", 
            "change_message": "", 
            "user": 13, 
            "content_type": 3
        }
    }, 
    {
        "pk": 47, 
        "model": "admin.logentry", 
        "fields": {
            "action_flag": 3, 
            "action_time": "2010-03-18 01:54:57", 
            "object_repr": "d", 
            "object_id": "17", 
            "change_message": "", 
            "user": 13, 
            "content_type": 3
        }
    }, 
    {
        "pk": 48, 
        "model": "admin.logentry", 
        "fields": {
            "action_flag": 3, 
            "action_time": "2010-03-18 01:54:57", 
            "object_repr": "robfitz", 
            "object_id": "1", 
            "change_message": "", 
            "user": 13, 
            "content_type": 3
        }
    }, 
    {
        "pk": 43, 
        "model": "admin.logentry", 
        "fields": {
            "action_flag": 1, 
            "action_time": "2010-03-18 01:53:31", 
            "object_repr": "Friendly First Contacts", 
            "object_id": "44", 
            "change_message": "", 
            "user": 13, 
            "content_type": 12
        }
    }, 
    {
        "pk": 42, 
        "model": "admin.logentry", 
        "fields": {
            "action_flag": 1, 
            "action_time": "2010-03-18 01:49:36", 
            "object_repr": "Market Type Hypothesis", 
            "object_id": "13", 
            "change_message": "", 
            "user": 13, 
            "content_type": 12
        }
    }, 
    {
        "pk": 34, 
        "model": "admin.logentry", 
        "fields": {
            "action_flag": 3, 
            "action_time": "2010-03-18 01:37:41", 
            "object_repr": "grr", 
            "object_id": "5", 
            "change_message": "", 
            "user": 13, 
            "content_type": 3
        }
    }, 
    {
        "pk": 35, 
        "model": "admin.logentry", 
        "fields": {
            "action_flag": 3, 
            "action_time": "2010-03-18 01:37:41", 
            "object_repr": "hey", 
            "object_id": "2", 
            "change_message": "", 
            "user": 13, 
            "content_type": 3
        }
    }, 
    {
        "pk": 36, 
        "model": "admin.logentry", 
        "fields": {
            "action_flag": 3, 
            "action_time": "2010-03-18 01:37:41", 
            "object_repr": "hi", 
            "object_id": "3", 
            "change_message": "", 
            "user": 13, 
            "content_type": 3
        }
    }, 
    {
        "pk": 37, 
        "model": "admin.logentry", 
        "fields": {
            "action_flag": 3, 
            "action_time": "2010-03-18 01:37:41", 
            "object_repr": "oh", 
            "object_id": "11", 
            "change_message": "", 
            "user": 13, 
            "content_type": 3
        }
    }, 
    {
        "pk": 38, 
        "model": "admin.logentry", 
        "fields": {
            "action_flag": 3, 
            "action_time": "2010-03-18 01:37:41", 
            "object_repr": "pee", 
            "object_id": "8", 
            "change_message": "", 
            "user": 13, 
            "content_type": 3
        }
    }, 
    {
        "pk": 39, 
        "model": "admin.logentry", 
        "fields": {
            "action_flag": 3, 
            "action_time": "2010-03-18 01:37:41", 
            "object_repr": "pi", 
            "object_id": "4", 
            "change_message": "", 
            "user": 13, 
            "content_type": 3
        }
    }, 
    {
        "pk": 40, 
        "model": "admin.logentry", 
        "fields": {
            "action_flag": 3, 
            "action_time": "2010-03-18 01:37:41", 
            "object_repr": "q", 
            "object_id": "7", 
            "change_message": "", 
            "user": 13, 
            "content_type": 3
        }
    }, 
    {
        "pk": 41, 
        "model": "admin.logentry", 
        "fields": {
            "action_flag": 3, 
            "action_time": "2010-03-18 01:37:41", 
            "object_repr": "tra", 
            "object_id": "10", 
            "change_message": "", 
            "user": 13, 
            "content_type": 3
        }
    }, 
    {
        "pk": 30, 
        "model": "admin.logentry", 
        "fields": {
            "action_flag": 3, 
            "action_time": "2010-03-18 01:37:40", 
            "object_repr": "alf", 
            "object_id": "12", 
            "change_message": "", 
            "user": 13, 
            "content_type": 3
        }
    }, 
    {
        "pk": 31, 
        "model": "admin.logentry", 
        "fields": {
            "action_flag": 3, 
            "action_time": "2010-03-18 01:37:40", 
            "object_repr": "bob", 
            "object_id": "9", 
            "change_message": "", 
            "user": 13, 
            "content_type": 3
        }
    }, 
    {
        "pk": 32, 
        "model": "admin.logentry", 
        "fields": {
            "action_flag": 3, 
            "action_time": "2010-03-18 01:37:40", 
            "object_repr": "boob", 
            "object_id": "6", 
            "change_message": "", 
            "user": 13, 
            "content_type": 3
        }
    }, 
    {
        "pk": 33, 
        "model": "admin.logentry", 
        "fields": {
            "action_flag": 3, 
            "action_time": "2010-03-18 01:37:40", 
            "object_repr": "durr", 
            "object_id": "14", 
            "change_message": "", 
            "user": 13, 
            "content_type": 3
        }
    }, 
    {
        "pk": 1, 
        "model": "mycd.contact", 
        "fields": {
            "website": "http://www.sachinagarwal.com\t\r", 
            "name": "Sachin Agarwal", 
            "twitter": "@redivyprep\r", 
            "company": "http://oneforty.com", 
            "linked_in": "", 
            "state": "Uncontacted", 
            "owner": 14, 
            "hacker_news": "HN sachinag\r", 
            "email": "", 
            "job_title": "Operations Lead"
        }
    }, 
    {
        "pk": 2, 
        "model": "mycd.contact", 
        "fields": {
            "website": "http://danieltenner.com\r", 
            "name": "Daniel Tenner", 
            "twitter": "", 
            "company": "http://woobius.com", 
            "linked_in": "", 
            "state": "Uncontacted", 
            "owner": 14, 
            "hacker_news": "HN swombat\r", 
            "email": "", 
            "job_title": "Founder"
        }
    }, 
    {
        "pk": 3, 
        "model": "mycd.contact", 
        "fields": {
            "website": "http://www.apeofsteel.com/1354/why-ben-horowitzs-article-has-nothing-to-do-with-lean-startups\t\t\t\r", 
            "name": "Dave Concannon", 
            "twitter": "", 
            "company": "", 
            "linked_in": "", 
            "state": "Uncontacted", 
            "owner": 14, 
            "hacker_news": "", 
            "email": "shimoda@gmail.com\r", 
            "job_title": ""
        }
    }, 
    {
        "pk": 4, 
        "model": "mycd.contact", 
        "fields": {
            "website": "", 
            "name": "David Binetti", 
            "twitter": "@dbinetti\t\r", 
            "company": "", 
            "linked_in": "", 
            "state": "Uncontacted", 
            "owner": 14, 
            "hacker_news": "", 
            "email": "", 
            "job_title": ""
        }
    }, 
    {
        "pk": 5, 
        "model": "mycd.contact", 
        "fields": {
            "website": "http://www.instigatorblog.com/a-great-case-study-of-customer-development-pirate-metrics-lean-startup/2009/09/21/\r", 
            "name": "Ben Yoskovitz", 
            "twitter": "@byosko\t\t\r", 
            "company": "", 
            "linked_in": "", 
            "state": "Uncontacted", 
            "owner": 14, 
            "hacker_news": "", 
            "email": "byosko@gmail.com", 
            "job_title": ""
        }
    }, 
    {
        "pk": 1, 
        "model": "mycd.step", 
        "fields": {
            "name": "Customer Discovery"
        }
    }, 
    {
        "pk": 2, 
        "model": "mycd.step", 
        "fields": {
            "name": "Customer Validation"
        }
    }, 
    {
        "pk": 1, 
        "model": "mycd.substepcategory", 
        "fields": {
            "step": 1, 
            "name": "State Your Hypotheses"
        }
    }, 
    {
        "pk": 2, 
        "model": "mycd.substepcategory", 
        "fields": {
            "step": 1, 
            "name": "Test Problem Hypotheses"
        }
    }, 
    {
        "pk": 3, 
        "model": "mycd.substepcategory", 
        "fields": {
            "step": 1, 
            "name": "Verify"
        }
    }, 
    {
        "pk": 4, 
        "model": "mycd.substepcategory", 
        "fields": {
            "step": 2, 
            "name": "Get Ready to Sell"
        }
    }, 
    {
        "pk": 5, 
        "model": "mycd.substepcategory", 
        "fields": {
            "step": 2, 
            "name": "Sell to Earlyvangelists"
        }
    }, 
    {
        "pk": 6, 
        "model": "mycd.substepcategory", 
        "fields": {
            "step": 2, 
            "name": "Develop Positioning"
        }
    }, 
    {
        "pk": 7, 
        "model": "mycd.substepcategory", 
        "fields": {
            "step": 2, 
            "name": "Verify"
        }
    }, 
    {
        "pk": 8, 
        "model": "mycd.substepcategory", 
        "fields": {
            "step": 1, 
            "name": "Get Buy-in"
        }
    }, 
    {
        "pk": 9, 
        "model": "mycd.substepcategory", 
        "fields": {
            "step": 1, 
            "name": "Test Product Hypotheses"
        }
    }, 
    {
        "pk": 1, 
        "model": "mycd.substep", 
        "fields": {
            "order": "1", 
            "name": "Product Hypothesis", 
            "substepcategory": 1
        }
    }, 
    {
        "pk": 2, 
        "model": "mycd.substep", 
        "fields": {
            "order": "1", 
            "name": "Friendly First Contacts", 
            "substepcategory": 2
        }
    }, 
    {
        "pk": 3, 
        "model": "mycd.substep", 
        "fields": {
            "order": "1", 
            "name": "Verify the Problem", 
            "substepcategory": 3
        }
    }, 
    {
        "pk": 4, 
        "model": "mycd.substep", 
        "fields": {
            "order": "1", 
            "name": "Articulate Value Proposition", 
            "substepcategory": 4
        }
    }, 
    {
        "pk": 5, 
        "model": "mycd.substep", 
        "fields": {
            "order": "1", 
            "name": "Preliminary Sales & Collateral Materials", 
            "substepcategory": 4
        }
    }, 
    {
        "pk": 6, 
        "model": "mycd.substep", 
        "fields": {
            "order": "1", 
            "name": "Preliminary Distribution Channel", 
            "substepcategory": 4
        }
    }, 
    {
        "pk": 7, 
        "model": "mycd.substep", 
        "fields": {
            "order": "1", 
            "name": "Preliminary Sales Roadmap", 
            "substepcategory": 4
        }
    }, 
    {
        "pk": 8, 
        "model": "mycd.substep", 
        "fields": {
            "order": "1", 
            "name": "Hire a Sales Closer", 
            "substepcategory": 4
        }
    }, 
    {
        "pk": 9, 
        "model": "mycd.substep", 
        "fields": {
            "order": "1", 
            "name": "Align Executives", 
            "substepcategory": 4
        }
    }, 
    {
        "pk": 10, 
        "model": "mycd.substep", 
        "fields": {
            "order": "1", 
            "name": "Formalize Advisory Board", 
            "substepcategory": 4
        }
    }, 
    {
        "pk": 11, 
        "model": "mycd.substep", 
        "fields": {
            "order": "1", 
            "name": "Contact Earlyvangelists", 
            "substepcategory": 5
        }
    }, 
    {
        "pk": 12, 
        "model": "mycd.substep", 
        "fields": {
            "order": "1", 
            "name": "Sell to Earlyvangelists", 
            "substepcategory": 5
        }
    }, 
    {
        "pk": 13, 
        "model": "mycd.substep", 
        "fields": {
            "order": "1", 
            "name": "Refine Sales Roadmap", 
            "substepcategory": 5
        }
    }, 
    {
        "pk": 14, 
        "model": "mycd.substep", 
        "fields": {
            "order": "1", 
            "name": "Sell to Channel Partners", 
            "substepcategory": 5
        }
    }, 
    {
        "pk": 15, 
        "model": "mycd.substep", 
        "fields": {
            "order": "1", 
            "name": "Refine Channel Roadmap", 
            "substepcategory": 5
        }
    }, 
    {
        "pk": 16, 
        "model": "mycd.substep", 
        "fields": {
            "order": "1", 
            "name": "Product Positioning", 
            "substepcategory": 6
        }
    }, 
    {
        "pk": 17, 
        "model": "mycd.substep", 
        "fields": {
            "order": "1", 
            "name": "Company Positioning", 
            "substepcategory": 6
        }
    }, 
    {
        "pk": 18, 
        "model": "mycd.substep", 
        "fields": {
            "order": "1", 
            "name": "Present to Analysts & Influencers", 
            "substepcategory": 6
        }
    }, 
    {
        "pk": 19, 
        "model": "mycd.substep", 
        "fields": {
            "order": "1", 
            "name": "Verify the Product", 
            "substepcategory": 7
        }
    }, 
    {
        "pk": 20, 
        "model": "mycd.substep", 
        "fields": {
            "order": "1", 
            "name": "Verify the Sales Roadmap", 
            "substepcategory": 7
        }
    }, 
    {
        "pk": 21, 
        "model": "mycd.substep", 
        "fields": {
            "order": "1", 
            "name": "Verify the Channel Roadmap", 
            "substepcategory": 7
        }
    }, 
    {
        "pk": 22, 
        "model": "mycd.substep", 
        "fields": {
            "order": "1", 
            "name": "Verify the Business Model", 
            "substepcategory": 7
        }
    }, 
    {
        "pk": 23, 
        "model": "mycd.substep", 
        "fields": {
            "order": "1", 
            "name": "Iterate or Exit", 
            "substepcategory": 7
        }
    }, 
    {
        "pk": 24, 
        "model": "mycd.substep", 
        "fields": {
            "order": "1", 
            "name": "Get Board & Management Buy-in", 
            "substepcategory": 8
        }
    }, 
    {
        "pk": 25, 
        "model": "mycd.substep", 
        "fields": {
            "order": "1", 
            "name": "The Team", 
            "substepcategory": 8
        }
    }, 
    {
        "pk": 26, 
        "model": "mycd.substep", 
        "fields": {
            "order": "2", 
            "name": "Customer Hypothesis", 
            "substepcategory": 1
        }
    }, 
    {
        "pk": 27, 
        "model": "mycd.substep", 
        "fields": {
            "order": "2", 
            "name": "Problem Presentation", 
            "substepcategory": 2
        }
    }, 
    {
        "pk": 28, 
        "model": "mycd.substep", 
        "fields": {
            "order": "2", 
            "name": "Verify the Product", 
            "substepcategory": 3
        }
    }, 
    {
        "pk": 29, 
        "model": "mycd.substep", 
        "fields": {
            "order": "3", 
            "name": "Problem Hypothesis", 
            "substepcategory": 1
        }
    }, 
    {
        "pk": 30, 
        "model": "mycd.substep", 
        "fields": {
            "order": "3", 
            "name": "Customer Understanding", 
            "substepcategory": 2
        }
    }, 
    {
        "pk": 31, 
        "model": "mycd.substep", 
        "fields": {
            "order": "3", 
            "name": "Verify the Business Model", 
            "substepcategory": 3
        }
    }, 
    {
        "pk": 32, 
        "model": "mycd.substep", 
        "fields": {
            "order": "4", 
            "name": "Distribution Hypothesis", 
            "substepcategory": 1
        }
    }, 
    {
        "pk": 33, 
        "model": "mycd.substep", 
        "fields": {
            "order": "4", 
            "name": "Market Knowledge", 
            "substepcategory": 2
        }
    }, 
    {
        "pk": 34, 
        "model": "mycd.substep", 
        "fields": {
            "order": "4", 
            "name": "Iterate or Exit", 
            "substepcategory": 3
        }
    }, 
    {
        "pk": 35, 
        "model": "mycd.substep", 
        "fields": {
            "order": "5", 
            "name": "Pricing Hypothesis", 
            "substepcategory": 1
        }
    }, 
    {
        "pk": 36, 
        "model": "mycd.substep", 
        "fields": {
            "order": "5", 
            "name": "First Reality Check", 
            "substepcategory": 9
        }
    }, 
    {
        "pk": 37, 
        "model": "mycd.substep", 
        "fields": {
            "order": "6", 
            "name": "Demand Creation Hypothesis", 
            "substepcategory": 1
        }
    }, 
    {
        "pk": 38, 
        "model": "mycd.substep", 
        "fields": {
            "order": "6", 
            "name": "Product Presentation", 
            "substepcategory": 9
        }
    }, 
    {
        "pk": 39, 
        "model": "mycd.substep", 
        "fields": {
            "order": "7", 
            "name": "Market Type Hypothesis", 
            "substepcategory": 1
        }
    }, 
    {
        "pk": 40, 
        "model": "mycd.substep", 
        "fields": {
            "order": "7", 
            "name": "Yet More Customer Visits", 
            "substepcategory": 9
        }
    }, 
    {
        "pk": 41, 
        "model": "mycd.substep", 
        "fields": {
            "order": "8", 
            "name": "Competitive Hypothesis", 
            "substepcategory": 1
        }
    }, 
    {
        "pk": 42, 
        "model": "mycd.substep", 
        "fields": {
            "order": "8", 
            "name": "Second Reality Check", 
            "substepcategory": 9
        }
    }, 
    {
        "pk": 43, 
        "model": "mycd.substep", 
        "fields": {
            "order": "9", 
            "name": "First Advisory Board", 
            "substepcategory": 9
        }
    }, 
    {
        "pk": 1, 
        "model": "mycd.worksheet", 
        "fields": {
            "substep": 24, 
            "custom_view": null, 
            "name": " Get Board & Management Buy-in", 
            "order": "1"
        }
    }, 
    {
        "pk": 2, 
        "model": "mycd.worksheet", 
        "fields": {
            "substep": 25, 
            "custom_view": null, 
            "name": " The Team", 
            "order": "1"
        }
    }, 
    {
        "pk": 3, 
        "model": "mycd.worksheet", 
        "fields": {
            "substep": 25, 
            "custom_view": null, 
            "name": "Vision & values", 
            "order": "1"
        }
    }, 
    {
        "pk": 4, 
        "model": "mycd.worksheet", 
        "fields": {
            "substep": 1, 
            "custom_view": null, 
            "name": "Product Overview", 
            "order": "1"
        }
    }, 
    {
        "pk": 7, 
        "model": "mycd.worksheet", 
        "fields": {
            "substep": 26, 
            "custom_view": "", 
            "name": "Identification", 
            "order": "1"
        }
    }, 
    {
        "pk": 8, 
        "model": "mycd.worksheet", 
        "fields": {
            "substep": 29, 
            "custom_view": "", 
            "name": "Customer Problems", 
            "order": "1"
        }
    }, 
    {
        "pk": 10, 
        "model": "mycd.worksheet", 
        "fields": {
            "substep": 32, 
            "custom_view": "", 
            "name": "Sales channel", 
            "order": "1"
        }
    }, 
    {
        "pk": 11, 
        "model": "mycd.worksheet", 
        "fields": {
            "substep": 35, 
            "custom_view": "", 
            "name": "Market pricing", 
            "order": "1"
        }
    }, 
    {
        "pk": 13, 
        "model": "mycd.worksheet", 
        "fields": {
            "substep": 37, 
            "custom_view": "", 
            "name": "Demand creation", 
            "order": "1"
        }
    }, 
    {
        "pk": 5, 
        "model": "mycd.worksheet", 
        "fields": {
            "substep": 1, 
            "custom_view": "featureWorksheet", 
            "name": "Features", 
            "order": "2"
        }
    }, 
    {
        "pk": 9, 
        "model": "mycd.worksheet", 
        "fields": {
            "substep": 26, 
            "custom_view": "", 
            "name": "Understanding", 
            "order": "2"
        }
    }, 
    {
        "pk": 12, 
        "model": "mycd.worksheet", 
        "fields": {
            "substep": 35, 
            "custom_view": "", 
            "name": "Our pricing", 
            "order": "2"
        }
    }, 
    {
        "pk": 6, 
        "model": "mycd.worksheet", 
        "fields": {
            "substep": 1, 
            "custom_view": "", 
            "name": "IP & Dependency Analysis", 
            "order": "3"
        }
    }, 
    {
        "pk": 1, 
        "model": "mycd.question", 
        "fields": {
            "worksheet": 1, 
            "prompt": " Have you educated the board & founding team about customer development?", 
            "order": "0", 
            "field_rows": 4, 
            "details": "You got to got to teach to take!"
        }
    }, 
    {
        "pk": 2, 
        "model": "mycd.question", 
        "fields": {
            "worksheet": 1, 
            "prompt": " Is there board and founding team buy-in for the CD process?", 
            "order": "1", 
            "field_rows": 4, 
            "details": null
        }
    }, 
    {
        "pk": 3, 
        "model": "mycd.question", 
        "fields": {
            "worksheet": 2, 
            "prompt": " Who is the business visionary?", 
            "order": "1", 
            "field_rows": 4, 
            "details": null
        }
    }, 
    {
        "pk": 4, 
        "model": "mycd.question", 
        "fields": {
            "worksheet": 2, 
            "prompt": " Who is the business execution?", 
            "order": "1", 
            "field_rows": 4, 
            "details": null
        }
    }, 
    {
        "pk": 5, 
        "model": "mycd.question", 
        "fields": {
            "worksheet": 2, 
            "prompt": " Who is the product visionary?", 
            "order": "1", 
            "field_rows": 4, 
            "details": null
        }
    }, 
    {
        "pk": 6, 
        "model": "mycd.question", 
        "fields": {
            "worksheet": 2, 
            "prompt": " Who is the product execution?", 
            "order": "1", 
            "field_rows": 4, 
            "details": null
        }
    }, 
    {
        "pk": 7, 
        "model": "mycd.question", 
        "fields": {
            "worksheet": 3, 
            "prompt": " What is your mission statement? This should be around 2 paragraphs describing your vision for the product, business, and market.", 
            "order": "1", 
            "field_rows": 4, 
            "details": null
        }
    }, 
    {
        "pk": 8, 
        "model": "mycd.question", 
        "fields": {
            "worksheet": 3, 
            "prompt": " What are the 3 to 5 core values the founding team believes in?", 
            "order": "1", 
            "field_rows": 4, 
            "details": null
        }
    }, 
    {
        "pk": 13, 
        "model": "mycd.question", 
        "fields": {
            "worksheet": 4, 
            "prompt": "What problem are you solving? What is the general goal of the product?", 
            "order": "1", 
            "field_rows": 8, 
            "details": null
        }
    }, 
    {
        "pk": 16, 
        "model": "mycd.question", 
        "fields": {
            "worksheet": 6, 
            "prompt": "What intellectual property of ours will be unique? What will be patented or considered a trade secret?", 
            "order": "1", 
            "field_rows": 8, 
            "details": null
        }
    }, 
    {
        "pk": 19, 
        "model": "mycd.question", 
        "fields": {
            "worksheet": 7, 
            "prompt": "Who are the day-to-day users of the product?", 
            "order": "1", 
            "field_rows": 4, 
            "details": null
        }
    }, 
    {
        "pk": 26, 
        "model": "mycd.question", 
        "fields": {
            "worksheet": 8, 
            "prompt": "What is the biggest pain your customer has?", 
            "order": "1", 
            "field_rows": 8, 
            "details": null
        }
    }, 
    {
        "pk": 33, 
        "model": "mycd.question", 
        "fields": {
            "worksheet": 9, 
            "prompt": "Which products do your customers already use?", 
            "order": "1", 
            "field_rows": 8, 
            "details": null
        }
    }, 
    {
        "pk": 37, 
        "model": "mycd.question", 
        "fields": {
            "worksheet": 5, 
            "prompt": "What are the features of your product? (no more than 10!)", 
            "order": "1", 
            "field_rows": 2, 
            "details": null
        }
    }, 
    {
        "pk": 39, 
        "model": "mycd.question", 
        "fields": {
            "worksheet": 10, 
            "prompt": "How will users initially buy from you? Through a direct salesperson, a rep or distributor, a partner, a retail store, mail order, on the web?", 
            "order": "1", 
            "field_rows": 4, 
            "details": null
        }
    }, 
    {
        "pk": 44, 
        "model": "mycd.question", 
        "fields": {
            "worksheet": 11, 
            "prompt": "How much do similar existing products cost?", 
            "order": "1", 
            "field_rows": 8, 
            "details": null
        }
    }, 
    {
        "pk": 48, 
        "model": "mycd.question", 
        "fields": {
            "worksheet": 12, 
            "prompt": "How many copies could you sell to each customer?", 
            "order": "1", 
            "field_rows": 4, 
            "details": null
        }
    }, 
    {
        "pk": 55, 
        "model": "mycd.question", 
        "fields": {
            "worksheet": 13, 
            "prompt": "How will users hear about you? Advertising, word of mouth, seminars, partners...?", 
            "order": "1", 
            "field_rows": 8, 
            "details": null
        }
    }, 
    {
        "pk": 9, 
        "model": "mycd.question", 
        "fields": {
            "worksheet": 1, 
            "prompt": " Which market type do we think we\u2019re in? ", 
            "order": "2", 
            "field_rows": 4, 
            "details": null
        }
    }, 
    {
        "pk": 15, 
        "model": "mycd.question", 
        "fields": {
            "worksheet": 4, 
            "prompt": "What is the total cost of ownership of your product, including training, deployment, and additional personnel/tech infrastructure?", 
            "order": "2", 
            "field_rows": 4, 
            "details": null
        }
    }, 
    {
        "pk": 18, 
        "model": "mycd.question", 
        "fields": {
            "worksheet": 6, 
            "prompt": "Have you checked to see if anyone else has important IP in our space?", 
            "order": "2", 
            "field_rows": 4, 
            "details": null
        }
    }, 
    {
        "pk": 20, 
        "model": "mycd.question", 
        "fields": {
            "worksheet": 7, 
            "prompt": "Who are the influencers and recommenders?", 
            "order": "2", 
            "field_rows": 4, 
            "details": null
        }
    }, 
    {
        "pk": 27, 
        "model": "mycd.question", 
        "fields": {
            "worksheet": 8, 
            "prompt": "Is the pain the same on all levels of the company? If not, how does it vary?", 
            "order": "2", 
            "field_rows": 8, 
            "details": null
        }
    }, 
    {
        "pk": 34, 
        "model": "mycd.question", 
        "fields": {
            "worksheet": 9, 
            "prompt": "How would your product change their daily lives? How about their lives?", 
            "order": "2", 
            "field_rows": 8, 
            "details": null
        }
    }, 
    {
        "pk": 38, 
        "model": "mycd.question", 
        "fields": {
            "worksheet": 5, 
            "prompt": "What is the customer benefit of each feature?", 
            "order": "2", 
            "field_rows": 2, 
            "details": null
        }
    }, 
    {
        "pk": 40, 
        "model": "mycd.question", 
        "fields": {
            "worksheet": 10, 
            "prompt": "Upload a distribution channel diagram", 
            "order": "2", 
            "field_rows": 1, 
            "details": null
        }
    }, 
    {
        "pk": 45, 
        "model": "mycd.question", 
        "fields": {
            "worksheet": 11, 
            "prompt": "How much do customers spend to build custom solutions to the problem?", 
            "order": "2", 
            "field_rows": 8, 
            "details": null
        }
    }, 
    {
        "pk": 49, 
        "model": "mycd.question", 
        "fields": {
            "worksheet": 12, 
            "prompt": "How many total units could you sell at $1 each?", 
            "order": "2", 
            "field_rows": 4, 
            "details": null
        }
    }, 
    {
        "pk": 56, 
        "model": "mycd.question", 
        "fields": {
            "worksheet": 13, 
            "prompt": "", 
            "order": "2", 
            "field_rows": 4, 
            "details": null
        }
    }, 
    {
        "pk": 10, 
        "model": "mycd.question", 
        "fields": {
            "worksheet": 1, 
            "prompt": " How much funding will we need for 2-3 passes around discovery & validation?", 
            "order": "3", 
            "field_rows": 4, 
            "details": null
        }
    }, 
    {
        "pk": 14, 
        "model": "mycd.question", 
        "fields": {
            "worksheet": 4, 
            "prompt": "Upload a simplified architectural diagram", 
            "order": "3", 
            "field_rows": 1, 
            "details": null
        }
    }, 
    {
        "pk": 17, 
        "model": "mycd.question", 
        "fields": {
            "worksheet": 6, 
            "prompt": "What IP of other's will we need to license, infringe on, or work around?", 
            "order": "3", 
            "field_rows": 8, 
            "details": null
        }
    }, 
    {
        "pk": 21, 
        "model": "mycd.question", 
        "fields": {
            "worksheet": 7, 
            "prompt": "Whose budget will pay for it?", 
            "order": "3", 
            "field_rows": 4, 
            "details": null
        }
    }, 
    {
        "pk": 28, 
        "model": "mycd.question", 
        "fields": {
            "worksheet": 8, 
            "prompt": "If your customers could wave a magic wand and change anything, what would it be?", 
            "order": "3", 
            "field_rows": 8, 
            "details": null
        }
    }, 
    {
        "pk": 35, 
        "model": "mycd.question", 
        "fields": {
            "worksheet": 9, 
            "prompt": "Summarize a day in the life of your customers", 
            "order": "3", 
            "field_rows": 16, 
            "details": null
        }
    }, 
    {
        "pk": 41, 
        "model": "mycd.question", 
        "fields": {
            "worksheet": 10, 
            "prompt": "How much will the channel cost in direct expenses & channel discounts", 
            "order": "3", 
            "field_rows": 4, 
            "details": null
        }
    }, 
    {
        "pk": 46, 
        "model": "mycd.question", 
        "fields": {
            "worksheet": 11, 
            "prompt": "If in a new market, how much money does our product save the customer in time, money, expenses", 
            "order": "3", 
            "field_rows": 8, 
            "details": null
        }
    }, 
    {
        "pk": 50, 
        "model": "mycd.question", 
        "fields": {
            "worksheet": 12, 
            "prompt": "How many at $1,000,000 each? What is the maximum price at which a unit would sell?", 
            "order": "3", 
            "field_rows": 4, 
            "details": null
        }
    }, 
    {
        "pk": 11, 
        "model": "mycd.question", 
        "fields": {
            "worksheet": 1, 
            "prompt": " Is there enough funding for 2-3 passes? ", 
            "order": "4", 
            "field_rows": 4, 
            "details": null
        }
    }, 
    {
        "pk": 22, 
        "model": "mycd.question", 
        "fields": {
            "worksheet": 7, 
            "prompt": "Is there is an existing budget or will one need to be approved?", 
            "order": "4", 
            "field_rows": 4, 
            "details": null
        }
    }, 
    {
        "pk": 29, 
        "model": "mycd.question", 
        "fields": {
            "worksheet": 8, 
            "prompt": "What do people do today to solve their problem without your product? ", 
            "order": "4", 
            "field_rows": 8, 
            "details": null
        }
    }, 
    {
        "pk": 36, 
        "model": "mycd.question", 
        "fields": {
            "worksheet": 9, 
            "prompt": "What is the smallest feature set they would pay for?", 
            "order": "4", 
            "field_rows": 8, 
            "details": null
        }
    }, 
    {
        "pk": 42, 
        "model": "mycd.question", 
        "fields": {
            "worksheet": 10, 
            "prompt": "What are the indirect costs? Presales support, channel promo dollars, etc.", 
            "order": "4", 
            "field_rows": 4, 
            "details": null
        }
    }, 
    {
        "pk": 47, 
        "model": "mycd.question", 
        "fields": {
            "worksheet": 11, 
            "prompt": "Will we be changing the rules/models of pricing or following suit? If offering new pricing models, what are they?", 
            "order": "4", 
            "field_rows": 8, 
            "details": null
        }
    }, 
    {
        "pk": 51, 
        "model": "mycd.question", 
        "fields": {
            "worksheet": 12, 
            "prompt": "At what price would half of potential customers say \"yes\"?", 
            "order": "4", 
            "field_rows": 4, 
            "details": null
        }
    }, 
    {
        "pk": 12, 
        "model": "mycd.question", 
        "fields": {
            "worksheet": 1, 
            "prompt": " How long will we stay in discovery and validation?", 
            "order": "5", 
            "field_rows": 4, 
            "details": null
        }
    }, 
    {
        "pk": 23, 
        "model": "mycd.question", 
        "fields": {
            "worksheet": 7, 
            "prompt": "Who are the decision makers?", 
            "order": "5", 
            "field_rows": 4, 
            "details": null
        }
    }, 
    {
        "pk": 30, 
        "model": "mycd.question", 
        "fields": {
            "worksheet": 8, 
            "prompt": "Where on the problem recognition scale is each type of customer? (latent need, active need, or visionary)", 
            "order": "5", 
            "field_rows": 8, 
            "details": null
        }
    }, 
    {
        "pk": 43, 
        "model": "mycd.question", 
        "fields": {
            "worksheet": 10, 
            "prompt": "Which others pieces & products are required for a customer to use or buy our product? How do they get those pieces?", 
            "order": "5", 
            "field_rows": 4, 
            "details": null
        }
    }, 
    {
        "pk": 52, 
        "model": "mycd.question", 
        "fields": {
            "worksheet": 12, 
            "prompt": "What is your preliminary sales price?", 
            "order": "5", 
            "field_rows": 4, 
            "details": null
        }
    }, 
    {
        "pk": 54, 
        "model": "mycd.question", 
        "fields": {
            "worksheet": 11, 
            "prompt": "Would it be easier to sell if it were packaged differently? Sold in separate modules that each cost less? Combined with other products? Built into a full solution?", 
            "order": "5", 
            "field_rows": 8, 
            "details": null
        }
    }, 
    {
        "pk": 24, 
        "model": "mycd.question", 
        "fields": {
            "worksheet": 7, 
            "prompt": "Who else needs to approve the purchase?", 
            "order": "6", 
            "field_rows": 4, 
            "details": null
        }
    }, 
    {
        "pk": 31, 
        "model": "mycd.question", 
        "fields": {
            "worksheet": 8, 
            "prompt": "What is the organizational impact of this pain -- individual, departmental, corporate? Personal, household?", 
            "order": "6", 
            "field_rows": 8, 
            "details": null
        }
    }, 
    {
        "pk": 53, 
        "model": "mycd.question", 
        "fields": {
            "worksheet": 12, 
            "prompt": "How many units will you sell in the first 12 and 24 months?", 
            "order": "6", 
            "field_rows": 8, 
            "details": null
        }
    }, 
    {
        "pk": 25, 
        "model": "mycd.question", 
        "fields": {
            "worksheet": 7, 
            "prompt": "Where will you find your visionary first paying customers? In what role, type of company and industry segment?", 
            "order": "7", 
            "field_rows": 8, 
            "details": null
        }
    }, 
    {
        "pk": 32, 
        "model": "mycd.question", 
        "fields": {
            "worksheet": 8, 
            "prompt": "Is this a mission-critical, have-to-have product or a luxury nice-to-have?", 
            "order": "7", 
            "field_rows": 8, 
            "details": null
        }
    }, 
    {
        "pk": 1, 
        "model": "mycd.answer", 
        "fields": {
            "previous_version": null, 
            "timestamp": "2010-03-20 21:42:53", 
            "question": 1, 
            "answer": "yes!", 
            "owner": 14, 
            "is_latest": false
        }
    }, 
    {
        "pk": 2, 
        "model": "mycd.answer", 
        "fields": {
            "previous_version": null, 
            "timestamp": "2010-03-20 21:42:53", 
            "question": 2, 
            "answer": "there is!", 
            "owner": 14, 
            "is_latest": false
        }
    }, 
    {
        "pk": 3, 
        "model": "mycd.answer", 
        "fields": {
            "previous_version": null, 
            "timestamp": "2010-03-20 21:42:53", 
            "question": 9, 
            "answer": "re-segmented!", 
            "owner": 14, 
            "is_latest": false
        }
    }, 
    {
        "pk": 4, 
        "model": "mycd.answer", 
        "fields": {
            "previous_version": null, 
            "timestamp": "2010-03-20 21:42:53", 
            "question": 10, 
            "answer": "", 
            "owner": 14, 
            "is_latest": false
        }
    }, 
    {
        "pk": 5, 
        "model": "mycd.answer", 
        "fields": {
            "previous_version": null, 
            "timestamp": "2010-03-20 21:42:53", 
            "question": 11, 
            "answer": "", 
            "owner": 14, 
            "is_latest": false
        }
    }, 
    {
        "pk": 6, 
        "model": "mycd.answer", 
        "fields": {
            "previous_version": null, 
            "timestamp": "2010-03-20 21:42:53", 
            "question": 12, 
            "answer": "", 
            "owner": 14, 
            "is_latest": false
        }
    }, 
    {
        "pk": 7, 
        "model": "mycd.answer", 
        "fields": {
            "previous_version": 3, 
            "timestamp": "2010-03-20 21:43:23", 
            "question": 9, 
            "answer": "re-segmented by niche (lean startups)", 
            "owner": 14, 
            "is_latest": false
        }
    }, 
    {
        "pk": 8, 
        "model": "mycd.answer", 
        "fields": {
            "previous_version": 4, 
            "timestamp": "2010-03-20 21:43:23", 
            "question": 10, 
            "answer": "20k!", 
            "owner": 14, 
            "is_latest": false
        }
    }, 
    {
        "pk": 9, 
        "model": "mycd.answer", 
        "fields": {
            "previous_version": 5, 
            "timestamp": "2010-03-20 21:43:23", 
            "question": 11, 
            "answer": "yes, but it's personal money", 
            "owner": 14, 
            "is_latest": true
        }
    }, 
    {
        "pk": 10, 
        "model": "mycd.answer", 
        "fields": {
            "previous_version": 6, 
            "timestamp": "2010-03-20 21:43:23", 
            "question": 12, 
            "answer": "as long as is needed", 
            "owner": 14, 
            "is_latest": true
        }
    }, 
    {
        "pk": 11, 
        "model": "mycd.answer", 
        "fields": {
            "previous_version": null, 
            "timestamp": "2010-03-20 22:25:49", 
            "question": 3, 
            "answer": "", 
            "owner": 14, 
            "is_latest": false
        }
    }, 
    {
        "pk": 12, 
        "model": "mycd.answer", 
        "fields": {
            "previous_version": null, 
            "timestamp": "2010-03-20 22:25:50", 
            "question": 4, 
            "answer": "", 
            "owner": 14, 
            "is_latest": false
        }
    }, 
    {
        "pk": 13, 
        "model": "mycd.answer", 
        "fields": {
            "previous_version": null, 
            "timestamp": "2010-03-20 22:25:50", 
            "question": 5, 
            "answer": "", 
            "owner": 14, 
            "is_latest": false
        }
    }, 
    {
        "pk": 14, 
        "model": "mycd.answer", 
        "fields": {
            "previous_version": null, 
            "timestamp": "2010-03-20 22:25:50", 
            "question": 6, 
            "answer": "", 
            "owner": 14, 
            "is_latest": false
        }
    }, 
    {
        "pk": 15, 
        "model": "mycd.answer", 
        "fields": {
            "previous_version": 1, 
            "timestamp": "2010-03-20 22:46:08", 
            "question": 1, 
            "answer": "that sounds smart!", 
            "owner": 14, 
            "is_latest": false
        }
    }, 
    {
        "pk": 16, 
        "model": "mycd.answer", 
        "fields": {
            "previous_version": 15, 
            "timestamp": "2010-03-20 22:55:12", 
            "question": 1, 
            "answer": "N/A while a one-man show. will educate new team recruits before they sign", 
            "owner": 14, 
            "is_latest": true
        }
    }, 
    {
        "pk": 17, 
        "model": "mycd.answer", 
        "fields": {
            "previous_version": 2, 
            "timestamp": "2010-03-20 22:55:12", 
            "question": 2, 
            "answer": "there is (again, for just my current army of one)", 
            "owner": 14, 
            "is_latest": true
        }
    }, 
    {
        "pk": 18, 
        "model": "mycd.answer", 
        "fields": {
            "previous_version": 7, 
            "timestamp": "2010-03-20 22:55:12", 
            "question": 9, 
            "answer": "re-segmented by niche (CRM & salesflow for lean startups)", 
            "owner": 14, 
            "is_latest": true
        }
    }, 
    {
        "pk": 19, 
        "model": "mycd.answer", 
        "fields": {
            "previous_version": 8, 
            "timestamp": "2010-03-20 22:55:13", 
            "question": 10, 
            "answer": "i need $30k, though only $10k in cash (rest is personal living expense)\r\n\r\n2 months / pass * 3 passes = 6 months\r\n\r\n1x founder @ 40k = 20k\r\n2x interns @ 20k = 10k\r\n\r\n", 
            "owner": 14, 
            "is_latest": true
        }
    }, 
    {
        "pk": 20, 
        "model": "mycd.answer", 
        "fields": {
            "previous_version": 11, 
            "timestamp": "2010-03-20 22:56:47", 
            "question": 3, 
            "answer": "rob", 
            "owner": 14, 
            "is_latest": false
        }
    }, 
    {
        "pk": 21, 
        "model": "mycd.answer", 
        "fields": {
            "previous_version": 12, 
            "timestamp": "2010-03-20 22:56:47", 
            "question": 4, 
            "answer": "rob - customer dev\r\n\r\nwill only need a sales closer if investors are key customer type (as opposed to self-serve startups)", 
            "owner": 14, 
            "is_latest": true
        }
    }, 
    {
        "pk": 22, 
        "model": "mycd.answer", 
        "fields": {
            "previous_version": 13, 
            "timestamp": "2010-03-20 22:56:48", 
            "question": 5, 
            "answer": "rob", 
            "owner": 14, 
            "is_latest": true
        }
    }, 
    {
        "pk": 23, 
        "model": "mycd.answer", 
        "fields": {
            "previous_version": 14, 
            "timestamp": "2010-03-20 22:56:48", 
            "question": 6, 
            "answer": "rob short term\r\n\r\nhoping to build the foundation then outsource content creation (worksheets, etc)\r\n\r\nwill hire more help when pain is felt", 
            "owner": 14, 
            "is_latest": true
        }
    }, 
    {
        "pk": 24, 
        "model": "mycd.answer", 
        "fields": {
            "previous_version": null, 
            "timestamp": "2010-03-20 22:59:45", 
            "question": 7, 
            "answer": "my mission is to structure the customer development process, thereby making it easier to follow and helping companies to succeed.\r\n\r\nthe product is a customer development dashboard. the primary interaction is filling out worksheets. there is also an earlyvangelist CRM and a community element for connecting lean entrepreneurs", 
            "owner": 14, 
            "is_latest": true
        }
    }, 
    {
        "pk": 25, 
        "model": "mycd.answer", 
        "fields": {
            "previous_version": null, 
            "timestamp": "2010-03-20 22:59:45", 
            "question": 8, 
            "answer": "We believe in encouraging more people to start companies and in helping to make those companies more successful", 
            "owner": 14, 
            "is_latest": true
        }
    }, 
    {
        "pk": 26, 
        "model": "mycd.answer", 
        "fields": {
            "previous_version": 20, 
            "timestamp": "2010-03-21 12:31:33", 
            "question": 3, 
            "answer": "robrobrob!", 
            "owner": 14, 
            "is_latest": true
        }
    }, 
    {
        "pk": 27, 
        "model": "mycd.answer", 
        "fields": {
            "previous_version": null, 
            "timestamp": "2010-03-21 15:04:13", 
            "question": 37, 
            "answer": "wheels;;", 
            "owner": 14, 
            "is_latest": false
        }
    }, 
    {
        "pk": 28, 
        "model": "mycd.answer", 
        "fields": {
            "previous_version": null, 
            "timestamp": "2010-03-21 15:04:13", 
            "question": 38, 
            "answer": "rollin';;", 
            "owner": 14, 
            "is_latest": false
        }
    }, 
    {
        "pk": 29, 
        "model": "mycd.answer", 
        "fields": {
            "previous_version": 27, 
            "timestamp": "2010-03-21 15:04:20", 
            "question": 37, 
            "answer": "wheels;pegs;", 
            "owner": 14, 
            "is_latest": false
        }
    }, 
    {
        "pk": 30, 
        "model": "mycd.answer", 
        "fields": {
            "previous_version": 28, 
            "timestamp": "2010-03-21 15:04:20", 
            "question": 38, 
            "answer": "rollin';;", 
            "owner": 14, 
            "is_latest": false
        }
    }, 
    {
        "pk": 31, 
        "model": "mycd.answer", 
        "fields": {
            "previous_version": 29, 
            "timestamp": "2010-03-21 15:04:30", 
            "question": 37, 
            "answer": "wheels;pegs;", 
            "owner": 14, 
            "is_latest": false
        }
    }, 
    {
        "pk": 32, 
        "model": "mycd.answer", 
        "fields": {
            "previous_version": 30, 
            "timestamp": "2010-03-21 15:04:30", 
            "question": 38, 
            "answer": "rollin';;steerin'", 
            "owner": 14, 
            "is_latest": false
        }
    }, 
    {
        "pk": 33, 
        "model": "mycd.answer", 
        "fields": {
            "previous_version": 31, 
            "timestamp": "2010-03-21 15:53:03", 
            "question": 37, 
            "answer": "wheels;pegs;", 
            "owner": 14, 
            "is_latest": false
        }
    }, 
    {
        "pk": 34, 
        "model": "mycd.answer", 
        "fields": {
            "previous_version": 32, 
            "timestamp": "2010-03-21 15:53:04", 
            "question": 38, 
            "answer": "rollin';;steerin'", 
            "owner": 14, 
            "is_latest": false
        }
    }, 
    {
        "pk": 35, 
        "model": "mycd.answer", 
        "fields": {
            "previous_version": 33, 
            "timestamp": "2010-03-21 15:53:39", 
            "question": 37, 
            "answer": "wheels;pegs;;", 
            "owner": 14, 
            "is_latest": false
        }
    }, 
    {
        "pk": 36, 
        "model": "mycd.answer", 
        "fields": {
            "previous_version": 34, 
            "timestamp": "2010-03-21 15:53:40", 
            "question": 38, 
            "answer": "rollin';;steerin';", 
            "owner": 14, 
            "is_latest": false
        }
    }, 
    {
        "pk": 37, 
        "model": "mycd.answer", 
        "fields": {
            "previous_version": 35, 
            "timestamp": "2010-03-21 16:07:37", 
            "question": 37, 
            "answer": "wheels;pegs;;;", 
            "owner": 14, 
            "is_latest": false
        }
    }, 
    {
        "pk": 38, 
        "model": "mycd.answer", 
        "fields": {
            "previous_version": 36, 
            "timestamp": "2010-03-21 16:07:37", 
            "question": 38, 
            "answer": "rollin';;steerin';;", 
            "owner": 14, 
            "is_latest": false
        }
    }, 
    {
        "pk": 39, 
        "model": "mycd.answer", 
        "fields": {
            "previous_version": 37, 
            "timestamp": "2010-03-21 17:06:58", 
            "question": 37, 
            "answer": "wheels;", 
            "owner": 14, 
            "is_latest": false
        }
    }, 
    {
        "pk": 40, 
        "model": "mycd.answer", 
        "fields": {
            "previous_version": 38, 
            "timestamp": "2010-03-21 17:06:59", 
            "question": 38, 
            "answer": "rollin';steerin'", 
            "owner": 14, 
            "is_latest": false
        }
    }, 
    {
        "pk": 41, 
        "model": "mycd.answer", 
        "fields": {
            "previous_version": 39, 
            "timestamp": "2010-03-21 17:08:05", 
            "question": 37, 
            "answer": "wheels;;;;", 
            "owner": 14, 
            "is_latest": false
        }
    }, 
    {
        "pk": 42, 
        "model": "mycd.answer", 
        "fields": {
            "previous_version": 40, 
            "timestamp": "2010-03-21 17:08:05", 
            "question": 38, 
            "answer": "rollin';steerin';;;", 
            "owner": 14, 
            "is_latest": false
        }
    }, 
    {
        "pk": 43, 
        "model": "mycd.answer", 
        "fields": {
            "previous_version": 41, 
            "timestamp": "2010-03-21 17:17:33", 
            "question": 37, 
            "answer": "wheels;;", 
            "owner": 14, 
            "is_latest": false
        }
    }, 
    {
        "pk": 44, 
        "model": "mycd.answer", 
        "fields": {
            "previous_version": 42, 
            "timestamp": "2010-03-21 17:17:33", 
            "question": 38, 
            "answer": "rollin';steerin';", 
            "owner": 14, 
            "is_latest": false
        }
    }, 
    {
        "pk": 45, 
        "model": "mycd.answer", 
        "fields": {
            "previous_version": 43, 
            "timestamp": "2010-03-21 17:18:19", 
            "question": 37, 
            "answer": "wheels;handlebars;pegs", 
            "owner": 14, 
            "is_latest": false
        }
    }, 
    {
        "pk": 46, 
        "model": "mycd.answer", 
        "fields": {
            "previous_version": 44, 
            "timestamp": "2010-03-21 17:18:19", 
            "question": 38, 
            "answer": "rollin';steerin';freeridin'", 
            "owner": 14, 
            "is_latest": false
        }
    }, 
    {
        "pk": 47, 
        "model": "mycd.answer", 
        "fields": {
            "previous_version": 45, 
            "timestamp": "2010-03-31 22:06:02", 
            "question": 37, 
            "answer": "wheels;pegs", 
            "owner": 14, 
            "is_latest": false
        }
    }, 
    {
        "pk": 48, 
        "model": "mycd.answer", 
        "fields": {
            "previous_version": 46, 
            "timestamp": "2010-03-31 22:06:03", 
            "question": 38, 
            "answer": "rollin';freeridin'", 
            "owner": 14, 
            "is_latest": false
        }
    }, 
    {
        "pk": 49, 
        "model": "mycd.answer", 
        "fields": {
            "previous_version": 47, 
            "timestamp": "2010-03-31 22:06:09", 
            "question": 37, 
            "answer": "", 
            "owner": 14, 
            "is_latest": true
        }
    }, 
    {
        "pk": 50, 
        "model": "mycd.answer", 
        "fields": {
            "previous_version": 48, 
            "timestamp": "2010-03-31 22:06:10", 
            "question": 38, 
            "answer": "", 
            "owner": 14, 
            "is_latest": true
        }
    }
]
