[
    {
        "pk": 1, 
        "model": "mycd.contact", 
        "fields": {
            "website": "http://www.sachinagarwal.com\t\r", 
            "name": "Sachin Agarwal", 
            "twitter": "@redivyprep\r", 
            "company": "http://oneforty.com", 
            "linked_in": "", 
            "state": "Uncontacted", 
            "owner": 1, 
            "hacker_news": "HN sachinag\r", 
            "email": "", 
            "job_title": "Operations Lead"
        }
    }, 
    {
        "pk": 2, 
        "model": "mycd.contact", 
        "fields": {
            "website": "http://danieltenner.com\r", 
            "name": "Daniel Tenner", 
            "twitter": "", 
            "company": "http://woobius.com", 
            "linked_in": "", 
            "state": "Uncontacted", 
            "owner": 1, 
            "hacker_news": "HN swombat\r", 
            "email": "", 
            "job_title": "Founder"
        }
    }, 
    {
        "pk": 3, 
        "model": "mycd.contact", 
        "fields": {
            "website": "http://www.apeofsteel.com/1354/why-ben-horowitzs-article-has-nothing-to-do-with-lean-startups\t\t\t\r", 
            "name": "Dave Concannon", 
            "twitter": "", 
            "company": "", 
            "linked_in": "", 
            "state": "Uncontacted", 
            "owner": 1, 
            "hacker_news": "", 
            "email": "shimoda@gmail.com\r", 
            "job_title": ""
        }
    }, 
    {
        "pk": 4, 
        "model": "mycd.contact", 
        "fields": {
            "website": "", 
            "name": "David Binetti", 
            "twitter": "@dbinetti\t\r", 
            "company": "", 
            "linked_in": "", 
            "state": "Uncontacted", 
            "owner": 1, 
            "hacker_news": "", 
            "email": "", 
            "job_title": ""
        }
    }, 
    {
        "pk": 5, 
        "model": "mycd.contact", 
        "fields": {
            "website": "http://www.instigatorblog.com/a-great-case-study-of-customer-development-pirate-metrics-lean-startup/2009/09/21/\r", 
            "name": "Ben Yoskovitz", 
            "twitter": "@byosko\t\t\r", 
            "company": "", 
            "linked_in": "", 
            "state": "Uncontacted", 
            "owner": 1, 
            "hacker_news": "", 
            "email": "byosko@gmail.com", 
            "job_title": ""
        }
    }, 
    {
        "pk": 1, 
        "model": "mycd.step", 
        "fields": {
            "name": "Customer Discovery", 
            "order": "1"
        }
    }, 
    {
        "pk": 2, 
        "model": "mycd.step", 
        "fields": {
            "name": "Customer Validation", 
            "order": "1"
        }
    }, 
    {
        "pk": 8, 
        "model": "mycd.substepcategory", 
        "fields": {
            "step": 1, 
            "name": "Get Buy-in", 
            "order": "1"
        }
    }, 
    {
        "pk": 1, 
        "model": "mycd.substepcategory", 
        "fields": {
            "step": 1, 
            "name": "State Your Hypotheses", 
            "order": "2"
        }
    }, 
    {
        "pk": 2, 
        "model": "mycd.substepcategory", 
        "fields": {
            "step": 1, 
            "name": "Test Problem Hypotheses", 
            "order": "3"
        }
    }, 
    {
        "pk": 9, 
        "model": "mycd.substepcategory", 
        "fields": {
            "step": 1, 
            "name": "Test Product Hypotheses", 
            "order": "4"
        }
    }, 
    {
        "pk": 3, 
        "model": "mycd.substepcategory", 
        "fields": {
            "step": 1, 
            "name": "Verify", 
            "order": "5"
        }
    }, 
    {
        "pk": 4, 
        "model": "mycd.substepcategory", 
        "fields": {
            "step": 2, 
            "name": "Get Ready to Sell", 
            "order": "6"
        }
    }, 
    {
        "pk": 5, 
        "model": "mycd.substepcategory", 
        "fields": {
            "step": 2, 
            "name": "Sell to Earlyvangelists", 
            "order": "7"
        }
    }, 
    {
        "pk": 6, 
        "model": "mycd.substepcategory", 
        "fields": {
            "step": 2, 
            "name": "Develop Positioning", 
            "order": "8"
        }
    }, 
    {
        "pk": 7, 
        "model": "mycd.substepcategory", 
        "fields": {
            "step": 2, 
            "name": "Verify", 
            "order": "9"
        }
    }, 
    {
        "pk": 24, 
        "model": "mycd.substep", 
        "fields": {
            "order": "1", 
            "name": "Get Board & Management Buy-in", 
            "substepcategory": 8
        }
    }, 
    {
        "pk": 25, 
        "model": "mycd.substep", 
        "fields": {
            "order": "1", 
            "name": "The Team", 
            "substepcategory": 8
        }
    }, 
    {
        "pk": 1, 
        "model": "mycd.substep", 
        "fields": {
            "order": "1", 
            "name": "Product Hypothesis", 
            "substepcategory": 1
        }
    }, 
    {
        "pk": 26, 
        "model": "mycd.substep", 
        "fields": {
            "order": "2", 
            "name": "Customer Hypothesis", 
            "substepcategory": 1
        }
    }, 
    {
        "pk": 29, 
        "model": "mycd.substep", 
        "fields": {
            "order": "3", 
            "name": "Problem Hypothesis", 
            "substepcategory": 1
        }
    }, 
    {
        "pk": 32, 
        "model": "mycd.substep", 
        "fields": {
            "order": "4", 
            "name": "Distribution Hypothesis", 
            "substepcategory": 1
        }
    }, 
    {
        "pk": 35, 
        "model": "mycd.substep", 
        "fields": {
            "order": "5", 
            "name": "Pricing Hypothesis", 
            "substepcategory": 1
        }
    }, 
    {
        "pk": 37, 
        "model": "mycd.substep", 
        "fields": {
            "order": "6", 
            "name": "Demand Creation Hypothesis", 
            "substepcategory": 1
        }
    }, 
    {
        "pk": 39, 
        "model": "mycd.substep", 
        "fields": {
            "order": "7", 
            "name": "Market Type Hypothesis", 
            "substepcategory": 1
        }
    }, 
    {
        "pk": 41, 
        "model": "mycd.substep", 
        "fields": {
            "order": "8", 
            "name": "Competitive Hypothesis", 
            "substepcategory": 1
        }
    }, 
    {
        "pk": 2, 
        "model": "mycd.substep", 
        "fields": {
            "order": "1", 
            "name": "Friendly First Contacts", 
            "substepcategory": 2
        }
    }, 
    {
        "pk": 27, 
        "model": "mycd.substep", 
        "fields": {
            "order": "2", 
            "name": "Problem Presentation", 
            "substepcategory": 2
        }
    }, 
    {
        "pk": 30, 
        "model": "mycd.substep", 
        "fields": {
            "order": "3", 
            "name": "Customer Understanding", 
            "substepcategory": 2
        }
    }, 
    {
        "pk": 33, 
        "model": "mycd.substep", 
        "fields": {
            "order": "4", 
            "name": "Market Knowledge", 
            "substepcategory": 2
        }
    }, 
    {
        "pk": 36, 
        "model": "mycd.substep", 
        "fields": {
            "order": "5", 
            "name": "First Reality Check", 
            "substepcategory": 9
        }
    }, 
    {
        "pk": 38, 
        "model": "mycd.substep", 
        "fields": {
            "order": "6", 
            "name": "Product Presentation", 
            "substepcategory": 9
        }
    }, 
    {
        "pk": 40, 
        "model": "mycd.substep", 
        "fields": {
            "order": "7", 
            "name": "Yet More Customer Visits", 
            "substepcategory": 9
        }
    }, 
    {
        "pk": 42, 
        "model": "mycd.substep", 
        "fields": {
            "order": "8", 
            "name": "Second Reality Check", 
            "substepcategory": 9
        }
    }, 
    {
        "pk": 43, 
        "model": "mycd.substep", 
        "fields": {
            "order": "9", 
            "name": "First Advisory Board", 
            "substepcategory": 9
        }
    }, 
    {
        "pk": 3, 
        "model": "mycd.substep", 
        "fields": {
            "order": "1", 
            "name": "Verify the Problem", 
            "substepcategory": 3
        }
    }, 
    {
        "pk": 28, 
        "model": "mycd.substep", 
        "fields": {
            "order": "2", 
            "name": "Verify the Product", 
            "substepcategory": 3
        }
    }, 
    {
        "pk": 31, 
        "model": "mycd.substep", 
        "fields": {
            "order": "3", 
            "name": "Verify the Business Model", 
            "substepcategory": 3
        }
    }, 
    {
        "pk": 34, 
        "model": "mycd.substep", 
        "fields": {
            "order": "4", 
            "name": "Iterate or Exit", 
            "substepcategory": 3
        }
    }, 
    {
        "pk": 4, 
        "model": "mycd.substep", 
        "fields": {
            "order": "1", 
            "name": "Articulate Value Proposition", 
            "substepcategory": 4
        }
    }, 
    {
        "pk": 5, 
        "model": "mycd.substep", 
        "fields": {
            "order": "1", 
            "name": "Preliminary Sales & Collateral Materials", 
            "substepcategory": 4
        }
    }, 
    {
        "pk": 6, 
        "model": "mycd.substep", 
        "fields": {
            "order": "1", 
            "name": "Preliminary Distribution Channel", 
            "substepcategory": 4
        }
    }, 
    {
        "pk": 7, 
        "model": "mycd.substep", 
        "fields": {
            "order": "1", 
            "name": "Preliminary Sales Roadmap", 
            "substepcategory": 4
        }
    }, 
    {
        "pk": 8, 
        "model": "mycd.substep", 
        "fields": {
            "order": "1", 
            "name": "Hire a Sales Closer", 
            "substepcategory": 4
        }
    }, 
    {
        "pk": 9, 
        "model": "mycd.substep", 
        "fields": {
            "order": "1", 
            "name": "Align Executives", 
            "substepcategory": 4
        }
    }, 
    {
        "pk": 10, 
        "model": "mycd.substep", 
        "fields": {
            "order": "1", 
            "name": "Formalize Advisory Board", 
            "substepcategory": 4
        }
    }, 
    {
        "pk": 11, 
        "model": "mycd.substep", 
        "fields": {
            "order": "1", 
            "name": "Contact Earlyvangelists", 
            "substepcategory": 5
        }
    }, 
    {
        "pk": 12, 
        "model": "mycd.substep", 
        "fields": {
            "order": "1", 
            "name": "Sell to Earlyvangelists", 
            "substepcategory": 5
        }
    }, 
    {
        "pk": 13, 
        "model": "mycd.substep", 
        "fields": {
            "order": "1", 
            "name": "Refine Sales Roadmap", 
            "substepcategory": 5
        }
    }, 
    {
        "pk": 14, 
        "model": "mycd.substep", 
        "fields": {
            "order": "1", 
            "name": "Sell to Channel Partners", 
            "substepcategory": 5
        }
    }, 
    {
        "pk": 15, 
        "model": "mycd.substep", 
        "fields": {
            "order": "1", 
            "name": "Refine Channel Roadmap", 
            "substepcategory": 5
        }
    }, 
    {
        "pk": 16, 
        "model": "mycd.substep", 
        "fields": {
            "order": "1", 
            "name": "Product Positioning", 
            "substepcategory": 6
        }
    }, 
    {
        "pk": 17, 
        "model": "mycd.substep", 
        "fields": {
            "order": "1", 
            "name": "Company Positioning", 
            "substepcategory": 6
        }
    }, 
    {
        "pk": 18, 
        "model": "mycd.substep", 
        "fields": {
            "order": "1", 
            "name": "Present to Analysts & Influencers", 
            "substepcategory": 6
        }
    }, 
    {
        "pk": 19, 
        "model": "mycd.substep", 
        "fields": {
            "order": "1", 
            "name": "Verify the Product", 
            "substepcategory": 7
        }
    }, 
    {
        "pk": 20, 
        "model": "mycd.substep", 
        "fields": {
            "order": "1", 
            "name": "Verify the Sales Roadmap", 
            "substepcategory": 7
        }
    }, 
    {
        "pk": 21, 
        "model": "mycd.substep", 
        "fields": {
            "order": "1", 
            "name": "Verify the Channel Roadmap", 
            "substepcategory": 7
        }
    }, 
    {
        "pk": 22, 
        "model": "mycd.substep", 
        "fields": {
            "order": "1", 
            "name": "Verify the Business Model", 
            "substepcategory": 7
        }
    }, 
    {
        "pk": 23, 
        "model": "mycd.substep", 
        "fields": {
            "order": "1", 
            "name": "Iterate or Exit", 
            "substepcategory": 7
        }
    }, 
    {
        "pk": 1, 
        "model": "mycd.worksheet", 
        "fields": {
            "substep": 24, 
            "custom_view": null, 
            "name": " Get Board & Management Buy-in", 
            "order": "1"
        }
    }, 
    {
        "pk": 2, 
        "model": "mycd.worksheet", 
        "fields": {
            "substep": 25, 
            "custom_view": null, 
            "name": " The Team", 
            "order": "1"
        }
    }, 
    {
        "pk": 3, 
        "model": "mycd.worksheet", 
        "fields": {
            "substep": 25, 
            "custom_view": null, 
            "name": "Vision & values", 
            "order": "1"
        }
    }, 
    {
        "pk": 4, 
        "model": "mycd.worksheet", 
        "fields": {
            "substep": 1, 
            "custom_view": null, 
            "name": "Product Overview", 
            "order": "1"
        }
    }, 
    {
        "pk": 7, 
        "model": "mycd.worksheet", 
        "fields": {
            "substep": 26, 
            "custom_view": "", 
            "name": "Identification", 
            "order": "1"
        }
    }, 
    {
        "pk": 8, 
        "model": "mycd.worksheet", 
        "fields": {
            "substep": 29, 
            "custom_view": "", 
            "name": "Customer Problems", 
            "order": "1"
        }
    }, 
    {
        "pk": 10, 
        "model": "mycd.worksheet", 
        "fields": {
            "substep": 32, 
            "custom_view": "", 
            "name": "Sales channel", 
            "order": "1"
        }
    }, 
    {
        "pk": 11, 
        "model": "mycd.worksheet", 
        "fields": {
            "substep": 35, 
            "custom_view": "", 
            "name": "Market pricing", 
            "order": "1"
        }
    }, 
    {
        "pk": 13, 
        "model": "mycd.worksheet", 
        "fields": {
            "substep": 37, 
            "custom_view": "", 
            "name": "Demand creation", 
            "order": "1"
        }
    }, 
    {
        "pk": 5, 
        "model": "mycd.worksheet", 
        "fields": {
            "substep": 1, 
            "custom_view": "featureWorksheet", 
            "name": "Features", 
            "order": "2"
        }
    }, 
    {
        "pk": 9, 
        "model": "mycd.worksheet", 
        "fields": {
            "substep": 26, 
            "custom_view": "", 
            "name": "Understanding", 
            "order": "2"
        }
    }, 
    {
        "pk": 12, 
        "model": "mycd.worksheet", 
        "fields": {
            "substep": 35, 
            "custom_view": "", 
            "name": "Our pricing", 
            "order": "2"
        }
    }, 
    {
        "pk": 6, 
        "model": "mycd.worksheet", 
        "fields": {
            "substep": 1, 
            "custom_view": "", 
            "name": "IP & Dependency Analysis", 
            "order": "3"
        }
    }, 
    {
        "pk": 1, 
        "model": "mycd.question", 
        "fields": {
            "worksheet": 1, 
            "prompt": " Have you educated the board & founding team about customer development?", 
            "order": "0", 
            "field_rows": 4, 
            "details": "You got to got to teach to take!"
        }
    }, 
    {
        "pk": 2, 
        "model": "mycd.question", 
        "fields": {
            "worksheet": 1, 
            "prompt": " Is there board and founding team buy-in for the CD process?", 
            "order": "1", 
            "field_rows": 4, 
            "details": null
        }
    }, 
    {
        "pk": 3, 
        "model": "mycd.question", 
        "fields": {
            "worksheet": 2, 
            "prompt": " Who is the business visionary?", 
            "order": "1", 
            "field_rows": 4, 
            "details": null
        }
    }, 
    {
        "pk": 4, 
        "model": "mycd.question", 
        "fields": {
            "worksheet": 2, 
            "prompt": " Who is the business execution?", 
            "order": "1", 
            "field_rows": 4, 
            "details": null
        }
    }, 
    {
        "pk": 5, 
        "model": "mycd.question", 
        "fields": {
            "worksheet": 2, 
            "prompt": " Who is the product visionary?", 
            "order": "1", 
            "field_rows": 4, 
            "details": null
        }
    }, 
    {
        "pk": 6, 
        "model": "mycd.question", 
        "fields": {
            "worksheet": 2, 
            "prompt": " Who is the product execution?", 
            "order": "1", 
            "field_rows": 4, 
            "details": null
        }
    }, 
    {
        "pk": 7, 
        "model": "mycd.question", 
        "fields": {
            "worksheet": 3, 
            "prompt": " What is your mission statement? This should be around 2 paragraphs describing your vision for the product, business, and market.", 
            "order": "1", 
            "field_rows": 4, 
            "details": null
        }
    }, 
    {
        "pk": 8, 
        "model": "mycd.question", 
        "fields": {
            "worksheet": 3, 
            "prompt": " What are the 3 to 5 core values the founding team believes in?", 
            "order": "1", 
            "field_rows": 4, 
            "details": null
        }
    }, 
    {
        "pk": 13, 
        "model": "mycd.question", 
        "fields": {
            "worksheet": 4, 
            "prompt": "What problem are you solving? What is the general goal of the product?", 
            "order": "1", 
            "field_rows": 8, 
            "details": null
        }
    }, 
    {
        "pk": 16, 
        "model": "mycd.question", 
        "fields": {
            "worksheet": 6, 
            "prompt": "What intellectual property of ours will be unique? What will be patented or considered a trade secret?", 
            "order": "1", 
            "field_rows": 8, 
            "details": null
        }
    }, 
    {
        "pk": 19, 
        "model": "mycd.question", 
        "fields": {
            "worksheet": 7, 
            "prompt": "Who are the day-to-day users of the product?", 
            "order": "1", 
            "field_rows": 4, 
            "details": null
        }
    }, 
    {
        "pk": 26, 
        "model": "mycd.question", 
        "fields": {
            "worksheet": 8, 
            "prompt": "What is the biggest pain your customer has?", 
            "order": "1", 
            "field_rows": 8, 
            "details": null
        }
    }, 
    {
        "pk": 33, 
        "model": "mycd.question", 
        "fields": {
            "worksheet": 9, 
            "prompt": "Which products do your customers already use?", 
            "order": "1", 
            "field_rows": 8, 
            "details": null
        }
    }, 
    {
        "pk": 37, 
        "model": "mycd.question", 
        "fields": {
            "worksheet": 5, 
            "prompt": "What are the features of your product? (no more than 10!)", 
            "order": "1", 
            "field_rows": 2, 
            "details": null
        }
    }, 
    {
        "pk": 39, 
        "model": "mycd.question", 
        "fields": {
            "worksheet": 10, 
            "prompt": "How will users initially buy from you? Through a direct salesperson, a rep or distributor, a partner, a retail store, mail order, on the web?", 
            "order": "1", 
            "field_rows": 4, 
            "details": null
        }
    }, 
    {
        "pk": 44, 
        "model": "mycd.question", 
        "fields": {
            "worksheet": 11, 
            "prompt": "How much do similar existing products cost?", 
            "order": "1", 
            "field_rows": 8, 
            "details": null
        }
    }, 
    {
        "pk": 48, 
        "model": "mycd.question", 
        "fields": {
            "worksheet": 12, 
            "prompt": "How many copies could you sell to each customer?", 
            "order": "1", 
            "field_rows": 4, 
            "details": null
        }
    }, 
    {
        "pk": 55, 
        "model": "mycd.question", 
        "fields": {
            "worksheet": 13, 
            "prompt": "How will users hear about you? Advertising, word of mouth, seminars, partners...?", 
            "order": "1", 
            "field_rows": 8, 
            "details": null
        }
    }, 
    {
        "pk": 9, 
        "model": "mycd.question", 
        "fields": {
            "worksheet": 1, 
            "prompt": " Which market type do we think we\u2019re in? ", 
            "order": "2", 
            "field_rows": 4, 
            "details": null
        }
    }, 
    {
        "pk": 15, 
        "model": "mycd.question", 
        "fields": {
            "worksheet": 4, 
            "prompt": "What is the total cost of ownership of your product, including training, deployment, and additional personnel/tech infrastructure?", 
            "order": "2", 
            "field_rows": 4, 
            "details": null
        }
    }, 
    {
        "pk": 18, 
        "model": "mycd.question", 
        "fields": {
            "worksheet": 6, 
            "prompt": "Have you checked to see if anyone else has important IP in our space?", 
            "order": "2", 
            "field_rows": 4, 
            "details": null
        }
    }, 
    {
        "pk": 20, 
        "model": "mycd.question", 
        "fields": {
            "worksheet": 7, 
            "prompt": "Who are the influencers and recommenders?", 
            "order": "2", 
            "field_rows": 4, 
            "details": null
        }
    }, 
    {
        "pk": 27, 
        "model": "mycd.question", 
        "fields": {
            "worksheet": 8, 
            "prompt": "Is the pain the same on all levels of the company? If not, how does it vary?", 
            "order": "2", 
            "field_rows": 8, 
            "details": null
        }
    }, 
    {
        "pk": 34, 
        "model": "mycd.question", 
        "fields": {
            "worksheet": 9, 
            "prompt": "How would your product change their daily lives? How about their lives?", 
            "order": "2", 
            "field_rows": 8, 
            "details": null
        }
    }, 
    {
        "pk": 38, 
        "model": "mycd.question", 
        "fields": {
            "worksheet": 5, 
            "prompt": "What is the customer benefit of each feature?", 
            "order": "2", 
            "field_rows": 2, 
            "details": null
        }
    }, 
    {
        "pk": 40, 
        "model": "mycd.question", 
        "fields": {
            "worksheet": 10, 
            "prompt": "Upload a distribution channel diagram", 
            "order": "2", 
            "field_rows": 1, 
            "details": null
        }
    }, 
    {
        "pk": 45, 
        "model": "mycd.question", 
        "fields": {
            "worksheet": 11, 
            "prompt": "How much do customers spend to build custom solutions to the problem?", 
            "order": "2", 
            "field_rows": 8, 
            "details": null
        }
    }, 
    {
        "pk": 49, 
        "model": "mycd.question", 
        "fields": {
            "worksheet": 12, 
            "prompt": "How many total units could you sell at $1 each?", 
            "order": "2", 
            "field_rows": 4, 
            "details": null
        }
    }, 
    {
        "pk": 56, 
        "model": "mycd.question", 
        "fields": {
            "worksheet": 13, 
            "prompt": "", 
            "order": "2", 
            "field_rows": 4, 
            "details": null
        }
    }, 
    {
        "pk": 10, 
        "model": "mycd.question", 
        "fields": {
            "worksheet": 1, 
            "prompt": " How much funding will we need for 2-3 passes around discovery & validation?", 
            "order": "3", 
            "field_rows": 4, 
            "details": null
        }
    }, 
    {
        "pk": 14, 
        "model": "mycd.question", 
        "fields": {
            "worksheet": 4, 
            "prompt": "Upload a simplified architectural diagram", 
            "order": "3", 
            "field_rows": 1, 
            "details": null
        }
    }, 
    {
        "pk": 17, 
        "model": "mycd.question", 
        "fields": {
            "worksheet": 6, 
            "prompt": "What IP of other's will we need to license, infringe on, or work around?", 
            "order": "3", 
            "field_rows": 8, 
            "details": null
        }
    }, 
    {
        "pk": 21, 
        "model": "mycd.question", 
        "fields": {
            "worksheet": 7, 
            "prompt": "Whose budget will pay for it?", 
            "order": "3", 
            "field_rows": 4, 
            "details": null
        }
    }, 
    {
        "pk": 28, 
        "model": "mycd.question", 
        "fields": {
            "worksheet": 8, 
            "prompt": "If your customers could wave a magic wand and change anything, what would it be?", 
            "order": "3", 
            "field_rows": 8, 
            "details": null
        }
    }, 
    {
        "pk": 35, 
        "model": "mycd.question", 
        "fields": {
            "worksheet": 9, 
            "prompt": "Summarize a day in the life of your customers", 
            "order": "3", 
            "field_rows": 16, 
            "details": null
        }
    }, 
    {
        "pk": 41, 
        "model": "mycd.question", 
        "fields": {
            "worksheet": 10, 
            "prompt": "How much will the channel cost in direct expenses & channel discounts", 
            "order": "3", 
            "field_rows": 4, 
            "details": null
        }
    }, 
    {
        "pk": 46, 
        "model": "mycd.question", 
        "fields": {
            "worksheet": 11, 
            "prompt": "If in a new market, how much money does our product save the customer in time, money, expenses", 
            "order": "3", 
            "field_rows": 8, 
            "details": null
        }
    }, 
    {
        "pk": 50, 
        "model": "mycd.question", 
        "fields": {
            "worksheet": 12, 
            "prompt": "How many at $1,000,000 each? What is the maximum price at which a unit would sell?", 
            "order": "3", 
            "field_rows": 4, 
            "details": null
        }
    }, 
    {
        "pk": 11, 
        "model": "mycd.question", 
        "fields": {
            "worksheet": 1, 
            "prompt": " Is there enough funding for 2-3 passes? ", 
            "order": "4", 
            "field_rows": 4, 
            "details": null
        }
    }, 
    {
        "pk": 22, 
        "model": "mycd.question", 
        "fields": {
            "worksheet": 7, 
            "prompt": "Is there is an existing budget or will one need to be approved?", 
            "order": "4", 
            "field_rows": 4, 
            "details": null
        }
    }, 
    {
        "pk": 29, 
        "model": "mycd.question", 
        "fields": {
            "worksheet": 8, 
            "prompt": "What do people do today to solve their problem without your product? ", 
            "order": "4", 
            "field_rows": 8, 
            "details": null
        }
    }, 
    {
        "pk": 36, 
        "model": "mycd.question", 
        "fields": {
            "worksheet": 9, 
            "prompt": "What is the smallest feature set they would pay for?", 
            "order": "4", 
            "field_rows": 8, 
            "details": null
        }
    }, 
    {
        "pk": 42, 
        "model": "mycd.question", 
        "fields": {
            "worksheet": 10, 
            "prompt": "What are the indirect costs? Presales support, channel promo dollars, etc.", 
            "order": "4", 
            "field_rows": 4, 
            "details": null
        }
    }, 
    {
        "pk": 47, 
        "model": "mycd.question", 
        "fields": {
            "worksheet": 11, 
            "prompt": "Will we be changing the rules/models of pricing or following suit? If offering new pricing models, what are they?", 
            "order": "4", 
            "field_rows": 8, 
            "details": null
        }
    }, 
    {
        "pk": 51, 
        "model": "mycd.question", 
        "fields": {
            "worksheet": 12, 
            "prompt": "At what price would half of potential customers say \"yes\"?", 
            "order": "4", 
            "field_rows": 4, 
            "details": null
        }
    }, 
    {
        "pk": 12, 
        "model": "mycd.question", 
        "fields": {
            "worksheet": 1, 
            "prompt": " How long will we stay in discovery and validation?", 
            "order": "5", 
            "field_rows": 4, 
            "details": null
        }
    }, 
    {
        "pk": 23, 
        "model": "mycd.question", 
        "fields": {
            "worksheet": 7, 
            "prompt": "Who are the decision makers?", 
            "order": "5", 
            "field_rows": 4, 
            "details": null
        }
    }, 
    {
        "pk": 30, 
        "model": "mycd.question", 
        "fields": {
            "worksheet": 8, 
            "prompt": "Where on the problem recognition scale is each type of customer? (latent need, active need, or visionary)", 
            "order": "5", 
            "field_rows": 8, 
            "details": null
        }
    }, 
    {
        "pk": 43, 
        "model": "mycd.question", 
        "fields": {
            "worksheet": 10, 
            "prompt": "Which others pieces & products are required for a customer to use or buy our product? How do they get those pieces?", 
            "order": "5", 
            "field_rows": 4, 
            "details": null
        }
    }, 
    {
        "pk": 52, 
        "model": "mycd.question", 
        "fields": {
            "worksheet": 12, 
            "prompt": "What is your preliminary sales price?", 
            "order": "5", 
            "field_rows": 4, 
            "details": null
        }
    }, 
    {
        "pk": 54, 
        "model": "mycd.question", 
        "fields": {
            "worksheet": 11, 
            "prompt": "Would it be easier to sell if it were packaged differently? Sold in separate modules that each cost less? Combined with other products? Built into a full solution?", 
            "order": "5", 
            "field_rows": 8, 
            "details": null
        }
    }, 
    {
        "pk": 24, 
        "model": "mycd.question", 
        "fields": {
            "worksheet": 7, 
            "prompt": "Who else needs to approve the purchase?", 
            "order": "6", 
            "field_rows": 4, 
            "details": null
        }
    }, 
    {
        "pk": 31, 
        "model": "mycd.question", 
        "fields": {
            "worksheet": 8, 
            "prompt": "What is the organizational impact of this pain -- individual, departmental, corporate? Personal, household?", 
            "order": "6", 
            "field_rows": 8, 
            "details": null
        }
    }, 
    {
        "pk": 53, 
        "model": "mycd.question", 
        "fields": {
            "worksheet": 12, 
            "prompt": "How many units will you sell in the first 12 and 24 months?", 
            "order": "6", 
            "field_rows": 8, 
            "details": null
        }
    }, 
    {
        "pk": 25, 
        "model": "mycd.question", 
        "fields": {
            "worksheet": 7, 
            "prompt": "Where will you find your visionary first paying customers? In what role, type of company and industry segment?", 
            "order": "7", 
            "field_rows": 8, 
            "details": null
        }
    }, 
    {
        "pk": 32, 
        "model": "mycd.question", 
        "fields": {
            "worksheet": 8, 
            "prompt": "Is this a mission-critical, have-to-have product or a luxury nice-to-have?", 
            "order": "7", 
            "field_rows": 8, 
            "details": null
        }
    }, 
    {
        "pk": 1, 
        "model": "mycd.answer", 
        "fields": {
            "previous_version": null, 
            "timestamp": "2010-03-20 21:42:53", 
            "question": 1, 
            "answer": "yes!", 
            "owner": 1, 
            "is_latest": false
        }
    }, 
    {
        "pk": 2, 
        "model": "mycd.answer", 
        "fields": {
            "previous_version": null, 
            "timestamp": "2010-03-20 21:42:53", 
            "question": 2, 
            "answer": "there is!", 
            "owner": 1, 
            "is_latest": false
        }
    }, 
    {
        "pk": 3, 
        "model": "mycd.answer", 
        "fields": {
            "previous_version": null, 
            "timestamp": "2010-03-20 21:42:53", 
            "question": 9, 
            "answer": "re-segmented!", 
            "owner": 1, 
            "is_latest": false
        }
    }, 
    {
        "pk": 4, 
        "model": "mycd.answer", 
        "fields": {
            "previous_version": null, 
            "timestamp": "2010-03-20 21:42:53", 
            "question": 10, 
            "answer": "", 
            "owner": 1, 
            "is_latest": false
        }
    }, 
    {
        "pk": 5, 
        "model": "mycd.answer", 
        "fields": {
            "previous_version": null, 
            "timestamp": "2010-03-20 21:42:53", 
            "question": 11, 
            "answer": "", 
            "owner": 1, 
            "is_latest": false
        }
    }, 
    {
        "pk": 6, 
        "model": "mycd.answer", 
        "fields": {
            "previous_version": null, 
            "timestamp": "2010-03-20 21:42:53", 
            "question": 12, 
            "answer": "", 
            "owner": 1, 
            "is_latest": false
        }
    }, 
    {
        "pk": 7, 
        "model": "mycd.answer", 
        "fields": {
            "previous_version": 3, 
            "timestamp": "2010-03-20 21:43:23", 
            "question": 9, 
            "answer": "re-segmented by niche (lean startups)", 
            "owner": 1, 
            "is_latest": false
        }
    }, 
    {
        "pk": 8, 
        "model": "mycd.answer", 
        "fields": {
            "previous_version": 4, 
            "timestamp": "2010-03-20 21:43:23", 
            "question": 10, 
            "answer": "20k!", 
            "owner": 1, 
            "is_latest": false
        }
    }, 
    {
        "pk": 9, 
        "model": "mycd.answer", 
        "fields": {
            "previous_version": 5, 
            "timestamp": "2010-03-20 21:43:23", 
            "question": 11, 
            "answer": "yes, but it's personal money", 
            "owner": 1, 
            "is_latest": true
        }
    }, 
    {
        "pk": 10, 
        "model": "mycd.answer", 
        "fields": {
            "previous_version": 6, 
            "timestamp": "2010-03-20 21:43:23", 
            "question": 12, 
            "answer": "as long as is needed", 
            "owner": 1, 
            "is_latest": true
        }
    }, 
    {
        "pk": 11, 
        "model": "mycd.answer", 
        "fields": {
            "previous_version": null, 
            "timestamp": "2010-03-20 22:25:49", 
            "question": 3, 
            "answer": "", 
            "owner": 1, 
            "is_latest": false
        }
    }, 
    {
        "pk": 12, 
        "model": "mycd.answer", 
        "fields": {
            "previous_version": null, 
            "timestamp": "2010-03-20 22:25:50", 
            "question": 4, 
            "answer": "", 
            "owner": 1, 
            "is_latest": false
        }
    }, 
    {
        "pk": 13, 
        "model": "mycd.answer", 
        "fields": {
            "previous_version": null, 
            "timestamp": "2010-03-20 22:25:50", 
            "question": 5, 
            "answer": "", 
            "owner": 1, 
            "is_latest": false
        }
    }, 
    {
        "pk": 14, 
        "model": "mycd.answer", 
        "fields": {
            "previous_version": null, 
            "timestamp": "2010-03-20 22:25:50", 
            "question": 6, 
            "answer": "", 
            "owner": 1, 
            "is_latest": false
        }
    }, 
    {
        "pk": 15, 
        "model": "mycd.answer", 
        "fields": {
            "previous_version": 1, 
            "timestamp": "2010-03-20 22:46:08", 
            "question": 1, 
            "answer": "that sounds smart!", 
            "owner": 1, 
            "is_latest": false
        }
    }, 
    {
        "pk": 16, 
        "model": "mycd.answer", 
        "fields": {
            "previous_version": 15, 
            "timestamp": "2010-03-20 22:55:12", 
            "question": 1, 
            "answer": "N/A while a one-man show. will educate new team recruits before they sign", 
            "owner": 1, 
            "is_latest": true
        }
    }, 
    {
        "pk": 17, 
        "model": "mycd.answer", 
        "fields": {
            "previous_version": 2, 
            "timestamp": "2010-03-20 22:55:12", 
            "question": 2, 
            "answer": "there is (again, for just my current army of one)", 
            "owner": 1, 
            "is_latest": true
        }
    }, 
    {
        "pk": 18, 
        "model": "mycd.answer", 
        "fields": {
            "previous_version": 7, 
            "timestamp": "2010-03-20 22:55:12", 
            "question": 9, 
            "answer": "re-segmented by niche (CRM & salesflow for lean startups)", 
            "owner": 1, 
            "is_latest": true
        }
    }, 
    {
        "pk": 19, 
        "model": "mycd.answer", 
        "fields": {
            "previous_version": 8, 
            "timestamp": "2010-03-20 22:55:13", 
            "question": 10, 
            "answer": "i need $30k, though only $10k in cash (rest is personal living expense)\r\n\r\n2 months / pass * 3 passes = 6 months\r\n\r\n1x founder @ 40k = 20k\r\n2x interns @ 20k = 10k\r\n\r\n", 
            "owner": 1, 
            "is_latest": true
        }
    }, 
    {
        "pk": 20, 
        "model": "mycd.answer", 
        "fields": {
            "previous_version": 11, 
            "timestamp": "2010-03-20 22:56:47", 
            "question": 3, 
            "answer": "rob", 
            "owner": 1, 
            "is_latest": false
        }
    }, 
    {
        "pk": 21, 
        "model": "mycd.answer", 
        "fields": {
            "previous_version": 12, 
            "timestamp": "2010-03-20 22:56:47", 
            "question": 4, 
            "answer": "rob - customer dev\r\n\r\nwill only need a sales closer if investors are key customer type (as opposed to self-serve startups)", 
            "owner": 1, 
            "is_latest": true
        }
    }, 
    {
        "pk": 22, 
        "model": "mycd.answer", 
        "fields": {
            "previous_version": 13, 
            "timestamp": "2010-03-20 22:56:48", 
            "question": 5, 
            "answer": "rob", 
            "owner": 1, 
            "is_latest": true
        }
    }, 
    {
        "pk": 23, 
        "model": "mycd.answer", 
        "fields": {
            "previous_version": 14, 
            "timestamp": "2010-03-20 22:56:48", 
            "question": 6, 
            "answer": "rob short term\r\n\r\nhoping to build the foundation then outsource content creation (worksheets, etc)\r\n\r\nwill hire more help when pain is felt", 
            "owner": 1, 
            "is_latest": true
        }
    }, 
    {
        "pk": 24, 
        "model": "mycd.answer", 
        "fields": {
            "previous_version": null, 
            "timestamp": "2010-03-20 22:59:45", 
            "question": 7, 
            "answer": "my mission is to structure the customer development process, thereby making it easier to follow and helping companies to succeed.\r\n\r\nthe product is a customer development dashboard. the primary interaction is filling out worksheets. there is also an earlyvangelist CRM and a community element for connecting lean entrepreneurs", 
            "owner": 1, 
            "is_latest": true
        }
    }, 
    {
        "pk": 25, 
        "model": "mycd.answer", 
        "fields": {
            "previous_version": null, 
            "timestamp": "2010-03-20 22:59:45", 
            "question": 8, 
            "answer": "We believe in encouraging more people to start companies and in helping to make those companies more successful", 
            "owner": 1, 
            "is_latest": true
        }
    }, 
    {
        "pk": 26, 
        "model": "mycd.answer", 
        "fields": {
            "previous_version": 20, 
            "timestamp": "2010-03-21 12:31:33", 
            "question": 3, 
            "answer": "robrobrob!", 
            "owner": 1, 
            "is_latest": true
        }
    }, 
    {
        "pk": 27, 
        "model": "mycd.answer", 
        "fields": {
            "previous_version": null, 
            "timestamp": "2010-03-21 15:04:13", 
            "question": 37, 
            "answer": "wheels;;", 
            "owner": 1, 
            "is_latest": false
        }
    }, 
    {
        "pk": 28, 
        "model": "mycd.answer", 
        "fields": {
            "previous_version": null, 
            "timestamp": "2010-03-21 15:04:13", 
            "question": 38, 
            "answer": "rollin';;", 
            "owner": 1, 
            "is_latest": false
        }
    }, 
    {
        "pk": 29, 
        "model": "mycd.answer", 
        "fields": {
            "previous_version": 27, 
            "timestamp": "2010-03-21 15:04:20", 
            "question": 37, 
            "answer": "wheels;pegs;", 
            "owner": 1, 
            "is_latest": false
        }
    }, 
    {
        "pk": 30, 
        "model": "mycd.answer", 
        "fields": {
            "previous_version": 28, 
            "timestamp": "2010-03-21 15:04:20", 
            "question": 38, 
            "answer": "rollin';;", 
            "owner": 1, 
            "is_latest": false
        }
    }, 
    {
        "pk": 31, 
        "model": "mycd.answer", 
        "fields": {
            "previous_version": 29, 
            "timestamp": "2010-03-21 15:04:30", 
            "question": 37, 
            "answer": "wheels;pegs;", 
            "owner": 1, 
            "is_latest": false
        }
    }, 
    {
        "pk": 32, 
        "model": "mycd.answer", 
        "fields": {
            "previous_version": 30, 
            "timestamp": "2010-03-21 15:04:30", 
            "question": 38, 
            "answer": "rollin';;steerin'", 
            "owner": 1, 
            "is_latest": false
        }
    }, 
    {
        "pk": 33, 
        "model": "mycd.answer", 
        "fields": {
            "previous_version": 31, 
            "timestamp": "2010-03-21 15:53:03", 
            "question": 37, 
            "answer": "wheels;pegs;", 
            "owner": 1, 
            "is_latest": false
        }
    }, 
    {
        "pk": 34, 
        "model": "mycd.answer", 
        "fields": {
            "previous_version": 32, 
            "timestamp": "2010-03-21 15:53:04", 
            "question": 38, 
            "answer": "rollin';;steerin'", 
            "owner": 1, 
            "is_latest": false
        }
    }, 
    {
        "pk": 35, 
        "model": "mycd.answer", 
        "fields": {
            "previous_version": 33, 
            "timestamp": "2010-03-21 15:53:39", 
            "question": 37, 
            "answer": "wheels;pegs;;", 
            "owner": 1, 
            "is_latest": false
        }
    }, 
    {
        "pk": 36, 
        "model": "mycd.answer", 
        "fields": {
            "previous_version": 34, 
            "timestamp": "2010-03-21 15:53:40", 
            "question": 38, 
            "answer": "rollin';;steerin';", 
            "owner": 1, 
            "is_latest": false
        }
    }, 
    {
        "pk": 37, 
        "model": "mycd.answer", 
        "fields": {
            "previous_version": 35, 
            "timestamp": "2010-03-21 16:07:37", 
            "question": 37, 
            "answer": "wheels;pegs;;;", 
            "owner": 1, 
            "is_latest": false
        }
    }, 
    {
        "pk": 38, 
        "model": "mycd.answer", 
        "fields": {
            "previous_version": 36, 
            "timestamp": "2010-03-21 16:07:37", 
            "question": 38, 
            "answer": "rollin';;steerin';;", 
            "owner": 1, 
            "is_latest": false
        }
    }, 
    {
        "pk": 39, 
        "model": "mycd.answer", 
        "fields": {
            "previous_version": 37, 
            "timestamp": "2010-03-21 17:06:58", 
            "question": 37, 
            "answer": "wheels;", 
            "owner": 1, 
            "is_latest": false
        }
    }, 
    {
        "pk": 40, 
        "model": "mycd.answer", 
        "fields": {
            "previous_version": 38, 
            "timestamp": "2010-03-21 17:06:59", 
            "question": 38, 
            "answer": "rollin';steerin'", 
            "owner": 1, 
            "is_latest": false
        }
    }, 
    {
        "pk": 41, 
        "model": "mycd.answer", 
        "fields": {
            "previous_version": 39, 
            "timestamp": "2010-03-21 17:08:05", 
            "question": 37, 
            "answer": "wheels;;;;", 
            "owner": 1, 
            "is_latest": false
        }
    }, 
    {
        "pk": 42, 
        "model": "mycd.answer", 
        "fields": {
            "previous_version": 40, 
            "timestamp": "2010-03-21 17:08:05", 
            "question": 38, 
            "answer": "rollin';steerin';;;", 
            "owner": 1, 
            "is_latest": false
        }
    }, 
    {
        "pk": 43, 
        "model": "mycd.answer", 
        "fields": {
            "previous_version": 41, 
            "timestamp": "2010-03-21 17:17:33", 
            "question": 37, 
            "answer": "wheels;;", 
            "owner": 1, 
            "is_latest": false
        }
    }, 
    {
        "pk": 44, 
        "model": "mycd.answer", 
        "fields": {
            "previous_version": 42, 
            "timestamp": "2010-03-21 17:17:33", 
            "question": 38, 
            "answer": "rollin';steerin';", 
            "owner": 1, 
            "is_latest": false
        }
    }, 
    {
        "pk": 45, 
        "model": "mycd.answer", 
        "fields": {
            "previous_version": 43, 
            "timestamp": "2010-03-21 17:18:19", 
            "question": 37, 
            "answer": "wheels;handlebars;pegs", 
            "owner": 1, 
            "is_latest": false
        }
    }, 
    {
        "pk": 46, 
        "model": "mycd.answer", 
        "fields": {
            "previous_version": 44, 
            "timestamp": "2010-03-21 17:18:19", 
            "question": 38, 
            "answer": "rollin';steerin';freeridin'", 
            "owner": 1, 
            "is_latest": false
        }
    }, 
    {
        "pk": 47, 
        "model": "mycd.answer", 
        "fields": {
            "previous_version": 45, 
            "timestamp": "2010-03-31 22:06:02", 
            "question": 37, 
            "answer": "wheels;pegs", 
            "owner": 1, 
            "is_latest": false
        }
    }, 
    {
        "pk": 48, 
        "model": "mycd.answer", 
        "fields": {
            "previous_version": 46, 
            "timestamp": "2010-03-31 22:06:03", 
            "question": 38, 
            "answer": "rollin';freeridin'", 
            "owner": 1, 
            "is_latest": false
        }
    }, 
    {
        "pk": 49, 
        "model": "mycd.answer", 
        "fields": {
            "previous_version": 47, 
            "timestamp": "2010-03-31 22:06:09", 
            "question": 37, 
            "answer": "", 
            "owner": 1, 
            "is_latest": true
        }
    }, 
    {
        "pk": 50, 
        "model": "mycd.answer", 
        "fields": {
            "previous_version": 48, 
            "timestamp": "2010-03-31 22:06:10", 
            "question": 38, 
            "answer": "", 
            "owner": 1, 
            "is_latest": true
        }
    }
]
